[03:32:36] [main/INFO] (FabricLoader/GameProvider) Loading Minecraft 1.21.1 with Fabric Loader 0.16.3
[03:32:36] [main/INFO] (FabricLoader) Loading 60 mods:
	- architectury 13.0.6
	- cloth-basic-math 0.6.1
	- cloth-config 15.0.127
	- colorfulazaleas 0
	- error_notifier 1.0.9
	- fabric-api 0.104.0+1.21.1
	- fabric-api-base 0.4.42+6573ed8c19
	- fabric-api-lookup-api-v1 1.6.68+b559734419
	- fabric-biome-api-v1 13.0.29+5bd9f1bc19
	- fabric-block-api-v1 1.0.22+0af3f5a719
	- fabric-block-view-api-v2 1.0.10+6573ed8c19
	- fabric-blockrenderlayer-v1 1.1.52+0af3f5a719
	- fabric-client-tags-api-v1 1.1.15+6573ed8c19
	- fabric-command-api-v1 1.2.49+f71b366f19
	- fabric-command-api-v2 2.2.28+6ced4dd919
	- fabric-commands-v0 0.2.66+df3654b319
	- fabric-content-registries-v0 8.0.16+b559734419
	- fabric-convention-tags-v1 2.0.22+7f945d5b19
	- fabric-convention-tags-v2 2.7.0+4053855719
	- fabric-crash-report-info-v1 0.2.29+0af3f5a719
	- fabric-data-attachment-api-v1 1.1.28+1daea21519
	- fabric-data-generation-api-v1 20.2.19+16c4ae2519
	- fabric-dimensions-v1 4.0.0+6fc22b9919
	- fabric-entity-events-v1 1.7.0+2122d82819
	- fabric-events-interaction-v0 0.7.12+ba9dae0619
	- fabric-game-rule-api-v1 1.0.53+6ced4dd919
	- fabric-gametest-api-v1 2.0.4+6fc22b9919
	- fabric-item-api-v1 11.0.0+afdfc92119
	- fabric-item-group-api-v1 4.1.5+3fc0e55219
	- fabric-key-binding-api-v1 1.0.47+0af3f5a790
	- fabric-keybindings-v0 0.2.45+df3654b319
	- fabric-lifecycle-events-v1 2.3.12+6c1df36019
	- fabric-loot-api-v2 3.0.14+3f89f5a519
	- fabric-loot-api-v3 1.0.2+3f89f5a519
	- fabric-message-api-v1 6.0.13+6573ed8c19
	- fabric-model-loading-api-v1 2.0.0+fe474d6b19
	- fabric-networking-api-v1 4.2.2+60c3209b19
	- fabric-object-builder-api-v1 15.2.0+40875a9319
	- fabric-particles-v1 4.0.2+6573ed8c19
	- fabric-recipe-api-v1 5.0.12+6508971219
	- fabric-registry-sync-v0 5.1.2+60c3209b19
	- fabric-renderer-api-v1 3.4.0+c705a49c19
	- fabric-renderer-indigo 1.7.0+c705a49c19
	- fabric-renderer-registries-v1 3.2.68+df3654b319
	- fabric-rendering-data-attachment-v1 0.3.48+73761d2e19
	- fabric-rendering-fluids-v1 3.1.6+1daea21519
	- fabric-rendering-v0 1.1.71+df3654b319
	- fabric-rendering-v1 5.0.5+df16efd019
	- fabric-resource-conditions-api-v1 4.3.0+8dc279b119
	- fabric-resource-loader-v0 1.3.0+5659912919
	- fabric-screen-api-v1 2.0.25+8b68f1c719
	- fabric-screen-handler-api-v1 1.3.86+b559734419
	- fabric-sound-api-v1 1.0.23+6573ed8c19
	- fabric-transfer-api-v1 5.2.0+d38f898f19
	- fabric-transitive-access-wideners-v1 6.1.0+1daea21519
	- fabricloader 0.16.3
	- java 21
	- minecraft 1.21.1
	- mixinextras 0.4.1
	- roughlyenoughitems 16.0.729
[03:32:37] [main/INFO] (FabricLoader/Mixin) SpongePowered MIXIN Subsystem Version=0.8.7 Source=file:/C:/Users/Tfar/.gradle/caches/modules-2/files-2.1/net.fabricmc/sponge-mixin/0.15.2+mixin.0.8.7/2af2f021d8e02a0220dc27a7a72b4666d66d44ca/sponge-mixin-0.15.2+mixin.0.8.7.jar Service=Knot/Fabric Env=CLIENT
[03:32:37] [main/INFO] (FabricLoader/Mixin) Loaded Fabric development mappings for mixin remapper!
[03:32:37] [main/INFO] (FabricLoader/Mixin) Compatibility level set to JAVA_17
[03:32:37] [main/INFO] (FabricLoader/Mixin) Compatibility level set to JAVA_21
[03:32:40] [main/INFO] (FabricLoader/MixinExtras|Service) Initializing MixinExtras via com.llamalad7.mixinextras.service.MixinExtrasServiceImpl(version=0.4.1).
[03:32:42] [Datafixer Bootstrap/INFO] (Minecraft) 226 Datafixer optimizations took 555 milliseconds
[03:32:43] [main/WARN] (PerfmonDisabled) Invalid registry value type detected for PerfOS counters. Should be REG_DWORD. Ignoring: HKEY_LOCAL_MACHINE\SYSTEM\CurrentControlSet\Services\PerfOS\Performance\Disable Performance Counters.
[03:32:53] [Render thread/INFO] (Minecraft) Environment: Environment[sessionHost=https://sessionserver.mojang.com, servicesHost=https://api.minecraftservices.com, name=PROD]
[03:32:53] [Render thread/INFO] (Minecraft) Setting user: Player453
[03:33:00] [Render thread/INFO] (REI) [REI] Config loaded
[03:33:00] [Render thread/INFO] (NetworkManagerImpl) Registering S2C receiver with id roughlyenoughitems:request_tags_s2c
[03:33:01] [Render thread/INFO] (NetworkManagerImpl) Registering C2S receiver with id roughlyenoughitems:request_tags_c2s
[03:33:01] [Render thread/INFO] (REI) [REI] Registered plugin provider DefaultPlugin [roughlyenoughitems] for REIPlugin
[03:33:01] [Render thread/INFO] (REI) [REI] Registered plugin provider DefaultRuntimePlugin [roughlyenoughitems] for REIPlugin
[03:33:01] [Render thread/INFO] (REI) [REI] Registered plugin provider DefaultClientPlugin [roughlyenoughitems] for REIPlugin
[03:33:01] [Render thread/INFO] (REI) [REI] Registered plugin provider DefaultClientRuntimePlugin [roughlyenoughitems] for REIPlugin
[03:33:01] [Render thread/INFO] (REI) [REI] Registered plugin provider HideIngredientsFromTagsPlugin [roughlyenoughitems] for REIPlugin
[03:33:01] [Render thread/INFO] (REI) [REI] Registered plugin provider DefaultPlugin [roughlyenoughitems] for REIServerPlugin
[03:33:01] [Render thread/INFO] (REI) [REI] Registered plugin provider DefaultRuntimePlugin [roughlyenoughitems] for REIServerPlugin
[03:33:01] [Render thread/INFO] (REI) [REI] Registered plugin provider FabricFluidAPISupportPlugin for REIServerPlugin
[03:33:01] [Render thread/INFO] (REI) [REI] Registered plugin provider FabricFluidAPISupportPlugin for REIPlugin
[03:33:01] [Render thread/INFO] (NetworkManagerImpl) Registering C2S receiver with id roughlyenoughitems:delete_item
[03:33:01] [Render thread/INFO] (NetworkManagerImpl) Registering C2S receiver with id roughlyenoughitems:create_item
[03:33:01] [Render thread/INFO] (NetworkManagerImpl) Registering C2S receiver with id roughlyenoughitems:create_item_grab
[03:33:01] [Render thread/INFO] (NetworkManagerImpl) Registering C2S receiver with id roughlyenoughitems:create_item_hotbar
[03:33:01] [Render thread/INFO] (NetworkManagerImpl) Registering C2S receiver with id roughlyenoughitems:move_items
[03:33:01] [Render thread/INFO] (NetworkManagerImpl) Registering C2S receiver with id roughlyenoughitems:move_items_new
[03:33:01] [Render thread/INFO] (NetworkManagerImpl) Registering S2C receiver with id architectury:spawn_entity_packet
[03:33:01] [Render thread/INFO] (Indigo) [Indigo] Registering Indigo renderer!
[03:33:01] [Render thread/INFO] (REI) [REI] Registered plugin provider DefaultClientPlugin [roughlyenoughitems] for REIClientPlugin
[03:33:01] [Render thread/INFO] (REI) [REI] Registered plugin provider DefaultClientRuntimePlugin [roughlyenoughitems] for REIClientPlugin
[03:33:01] [Render thread/INFO] (REI) [REI] Registered plugin provider HideIngredientsFromTagsPlugin [roughlyenoughitems] for REIClientPlugin
[03:33:01] [Render thread/INFO] (NetworkManagerImpl) Registering S2C receiver with id roughlyenoughitems:ci_msg
[03:33:01] [Render thread/INFO] (NetworkManagerImpl) Registering S2C receiver with id roughlyenoughitems:og_not_enough
[03:33:02] [Render thread/INFO] (Minecraft) Backend library: LWJGL version 3.3.3-snapshot
[03:33:04] [Render thread/INFO] (Minecraft) Reloading ResourceManager: vanilla, fabric, cloth-config, colorfulazaleas, fabric-api, fabric-api-base, fabric-api-lookup-api-v1, fabric-biome-api-v1, fabric-block-api-v1, fabric-block-view-api-v2, fabric-blockrenderlayer-v1, fabric-client-tags-api-v1, fabric-command-api-v1, fabric-command-api-v2, fabric-commands-v0, fabric-content-registries-v0, fabric-convention-tags-v1, fabric-convention-tags-v2, fabric-crash-report-info-v1, fabric-data-attachment-api-v1, fabric-data-generation-api-v1, fabric-dimensions-v1, fabric-entity-events-v1, fabric-events-interaction-v0, fabric-game-rule-api-v1, fabric-gametest-api-v1, fabric-item-api-v1, fabric-item-group-api-v1, fabric-key-binding-api-v1, fabric-keybindings-v0, fabric-lifecycle-events-v1, fabric-loot-api-v2, fabric-loot-api-v3, fabric-message-api-v1, fabric-model-loading-api-v1, fabric-networking-api-v1, fabric-object-builder-api-v1, fabric-particles-v1, fabric-recipe-api-v1, fabric-registry-sync-v0, fabric-renderer-api-v1, fabric-renderer-indigo, fabric-renderer-registries-v1, fabric-rendering-data-attachment-v1, fabric-rendering-fluids-v1, fabric-rendering-v0, fabric-rendering-v1, fabric-resource-conditions-api-v1, fabric-resource-loader-v0, fabric-screen-api-v1, fabric-screen-handler-api-v1, fabric-sound-api-v1, fabric-transfer-api-v1, fabric-transitive-access-wideners-v1, fabricloader, roughlyenoughitems
[03:33:05] [Worker-Main-13/INFO] (Minecraft) Found unifont_all_no_pua-15.1.05.hex, loading
[03:33:05] [Worker-Main-14/INFO] (Minecraft) Found unifont_jp_patch-15.1.05.hex, loading
[03:33:05] [Worker-Main-10/WARN] (Minecraft) Exception loading blockstate definition: 'colorfulazaleas:blockstates/tecal_azalea_leaves.json' missing model for variant: 'colorfulazaleas:tecal_azalea_leaves#distance=2,persistent=true,waterlogged=false'
[03:33:05] [Worker-Main-10/WARN] (Minecraft) Exception loading blockstate definition: 'colorfulazaleas:blockstates/tecal_azalea_leaves.json' missing model for variant: 'colorfulazaleas:tecal_azalea_leaves#distance=5,persistent=false,waterlogged=false'
[03:33:05] [Worker-Main-10/WARN] (Minecraft) Exception loading blockstate definition: 'colorfulazaleas:blockstates/tecal_azalea_leaves.json' missing model for variant: 'colorfulazaleas:tecal_azalea_leaves#distance=5,persistent=true,waterlogged=false'
[03:33:05] [Worker-Main-10/WARN] (Minecraft) Exception loading blockstate definition: 'colorfulazaleas:blockstates/tecal_azalea_leaves.json' missing model for variant: 'colorfulazaleas:tecal_azalea_leaves#distance=7,persistent=false,waterlogged=false'
[03:33:05] [Worker-Main-10/WARN] (Minecraft) Exception loading blockstate definition: 'colorfulazaleas:blockstates/tecal_azalea_leaves.json' missing model for variant: 'colorfulazaleas:tecal_azalea_leaves#distance=5,persistent=false,waterlogged=true'
[03:33:05] [Worker-Main-10/WARN] (Minecraft) Exception loading blockstate definition: 'colorfulazaleas:blockstates/tecal_azalea_leaves.json' missing model for variant: 'colorfulazaleas:tecal_azalea_leaves#distance=7,persistent=true,waterlogged=false'
[03:33:05] [Worker-Main-10/WARN] (Minecraft) Exception loading blockstate definition: 'colorfulazaleas:blockstates/tecal_azalea_leaves.json' missing model for variant: 'colorfulazaleas:tecal_azalea_leaves#distance=3,persistent=true,waterlogged=false'
[03:33:05] [Worker-Main-10/WARN] (Minecraft) Exception loading blockstate definition: 'colorfulazaleas:blockstates/tecal_azalea_leaves.json' missing model for variant: 'colorfulazaleas:tecal_azalea_leaves#distance=1,persistent=false,waterlogged=true'
[03:33:05] [Worker-Main-10/WARN] (Minecraft) Exception loading blockstate definition: 'colorfulazaleas:blockstates/tecal_azalea_leaves.json' missing model for variant: 'colorfulazaleas:tecal_azalea_leaves#distance=3,persistent=false,waterlogged=true'
[03:33:05] [Worker-Main-10/WARN] (Minecraft) Exception loading blockstate definition: 'colorfulazaleas:blockstates/tecal_azalea_leaves.json' missing model for variant: 'colorfulazaleas:tecal_azalea_leaves#distance=3,persistent=false,waterlogged=false'
[03:33:05] [Worker-Main-10/WARN] (Minecraft) Exception loading blockstate definition: 'colorfulazaleas:blockstates/tecal_azalea_leaves.json' missing model for variant: 'colorfulazaleas:tecal_azalea_leaves#distance=1,persistent=false,waterlogged=false'
[03:33:05] [Worker-Main-10/WARN] (Minecraft) Exception loading blockstate definition: 'colorfulazaleas:blockstates/tecal_azalea_leaves.json' missing model for variant: 'colorfulazaleas:tecal_azalea_leaves#distance=6,persistent=false,waterlogged=true'
[03:33:05] [Worker-Main-10/WARN] (Minecraft) Exception loading blockstate definition: 'colorfulazaleas:blockstates/tecal_azalea_leaves.json' missing model for variant: 'colorfulazaleas:tecal_azalea_leaves#distance=6,persistent=true,waterlogged=false'
[03:33:05] [Worker-Main-10/WARN] (Minecraft) Exception loading blockstate definition: 'colorfulazaleas:blockstates/tecal_azalea_leaves.json' missing model for variant: 'colorfulazaleas:tecal_azalea_leaves#distance=7,persistent=true,waterlogged=true'
[03:33:05] [Worker-Main-10/WARN] (Minecraft) Exception loading blockstate definition: 'colorfulazaleas:blockstates/tecal_azalea_leaves.json' missing model for variant: 'colorfulazaleas:tecal_azalea_leaves#distance=6,persistent=false,waterlogged=false'
[03:33:05] [Worker-Main-10/WARN] (Minecraft) Exception loading blockstate definition: 'colorfulazaleas:blockstates/tecal_azalea_leaves.json' missing model for variant: 'colorfulazaleas:tecal_azalea_leaves#distance=1,persistent=true,waterlogged=true'
[03:33:05] [Worker-Main-10/WARN] (Minecraft) Exception loading blockstate definition: 'colorfulazaleas:blockstates/tecal_azalea_leaves.json' missing model for variant: 'colorfulazaleas:tecal_azalea_leaves#distance=1,persistent=true,waterlogged=false'
[03:33:05] [Worker-Main-10/WARN] (Minecraft) Exception loading blockstate definition: 'colorfulazaleas:blockstates/tecal_azalea_leaves.json' missing model for variant: 'colorfulazaleas:tecal_azalea_leaves#distance=2,persistent=true,waterlogged=true'
[03:33:05] [Worker-Main-10/WARN] (Minecraft) Exception loading blockstate definition: 'colorfulazaleas:blockstates/tecal_azalea_leaves.json' missing model for variant: 'colorfulazaleas:tecal_azalea_leaves#distance=6,persistent=true,waterlogged=true'
[03:33:05] [Worker-Main-10/WARN] (Minecraft) Exception loading blockstate definition: 'colorfulazaleas:blockstates/tecal_azalea_leaves.json' missing model for variant: 'colorfulazaleas:tecal_azalea_leaves#distance=5,persistent=true,waterlogged=true'
[03:33:05] [Worker-Main-10/WARN] (Minecraft) Exception loading blockstate definition: 'colorfulazaleas:blockstates/tecal_azalea_leaves.json' missing model for variant: 'colorfulazaleas:tecal_azalea_leaves#distance=3,persistent=true,waterlogged=true'
[03:33:05] [Worker-Main-10/WARN] (Minecraft) Exception loading blockstate definition: 'colorfulazaleas:blockstates/tecal_azalea_leaves.json' missing model for variant: 'colorfulazaleas:tecal_azalea_leaves#distance=4,persistent=true,waterlogged=true'
[03:33:05] [Worker-Main-10/WARN] (Minecraft) Exception loading blockstate definition: 'colorfulazaleas:blockstates/tecal_azalea_leaves.json' missing model for variant: 'colorfulazaleas:tecal_azalea_leaves#distance=4,persistent=false,waterlogged=true'
[03:33:05] [Worker-Main-10/WARN] (Minecraft) Exception loading blockstate definition: 'colorfulazaleas:blockstates/tecal_azalea_leaves.json' missing model for variant: 'colorfulazaleas:tecal_azalea_leaves#distance=4,persistent=true,waterlogged=false'
[03:33:05] [Worker-Main-10/WARN] (Minecraft) Exception loading blockstate definition: 'colorfulazaleas:blockstates/tecal_azalea_leaves.json' missing model for variant: 'colorfulazaleas:tecal_azalea_leaves#distance=7,persistent=false,waterlogged=true'
[03:33:05] [Worker-Main-10/WARN] (Minecraft) Exception loading blockstate definition: 'colorfulazaleas:blockstates/tecal_azalea_leaves.json' missing model for variant: 'colorfulazaleas:tecal_azalea_leaves#distance=2,persistent=false,waterlogged=false'
[03:33:05] [Worker-Main-10/WARN] (Minecraft) Exception loading blockstate definition: 'colorfulazaleas:blockstates/tecal_azalea_leaves.json' missing model for variant: 'colorfulazaleas:tecal_azalea_leaves#distance=4,persistent=false,waterlogged=false'
[03:33:05] [Worker-Main-10/WARN] (Minecraft) Exception loading blockstate definition: 'colorfulazaleas:blockstates/tecal_azalea_leaves.json' missing model for variant: 'colorfulazaleas:tecal_azalea_leaves#distance=2,persistent=false,waterlogged=true'
[03:33:05] [Worker-Main-10/WARN] (Minecraft) Exception loading blockstate definition: 'colorfulazaleas:blockstates/tecal_flowering_azalea_leaves.json' missing model for variant: 'colorfulazaleas:tecal_flowering_azalea_leaves#distance=1,persistent=false,waterlogged=true'
[03:33:05] [Worker-Main-10/WARN] (Minecraft) Exception loading blockstate definition: 'colorfulazaleas:blockstates/tecal_flowering_azalea_leaves.json' missing model for variant: 'colorfulazaleas:tecal_flowering_azalea_leaves#distance=4,persistent=false,waterlogged=true'
[03:33:05] [Worker-Main-10/WARN] (Minecraft) Exception loading blockstate definition: 'colorfulazaleas:blockstates/tecal_flowering_azalea_leaves.json' missing model for variant: 'colorfulazaleas:tecal_flowering_azalea_leaves#distance=1,persistent=true,waterlogged=false'
[03:33:05] [Worker-Main-10/WARN] (Minecraft) Exception loading blockstate definition: 'colorfulazaleas:blockstates/tecal_flowering_azalea_leaves.json' missing model for variant: 'colorfulazaleas:tecal_flowering_azalea_leaves#distance=7,persistent=true,waterlogged=false'
[03:33:05] [Worker-Main-10/WARN] (Minecraft) Exception loading blockstate definition: 'colorfulazaleas:blockstates/tecal_flowering_azalea_leaves.json' missing model for variant: 'colorfulazaleas:tecal_flowering_azalea_leaves#distance=7,persistent=true,waterlogged=true'
[03:33:05] [Worker-Main-10/WARN] (Minecraft) Exception loading blockstate definition: 'colorfulazaleas:blockstates/tecal_flowering_azalea_leaves.json' missing model for variant: 'colorfulazaleas:tecal_flowering_azalea_leaves#distance=7,persistent=false,waterlogged=false'
[03:33:05] [Worker-Main-10/WARN] (Minecraft) Exception loading blockstate definition: 'colorfulazaleas:blockstates/tecal_flowering_azalea_leaves.json' missing model for variant: 'colorfulazaleas:tecal_flowering_azalea_leaves#distance=3,persistent=false,waterlogged=false'
[03:33:05] [Worker-Main-10/WARN] (Minecraft) Exception loading blockstate definition: 'colorfulazaleas:blockstates/tecal_flowering_azalea_leaves.json' missing model for variant: 'colorfulazaleas:tecal_flowering_azalea_leaves#distance=5,persistent=false,waterlogged=false'
[03:33:05] [Worker-Main-10/WARN] (Minecraft) Exception loading blockstate definition: 'colorfulazaleas:blockstates/tecal_flowering_azalea_leaves.json' missing model for variant: 'colorfulazaleas:tecal_flowering_azalea_leaves#distance=1,persistent=false,waterlogged=false'
[03:33:05] [Worker-Main-10/WARN] (Minecraft) Exception loading blockstate definition: 'colorfulazaleas:blockstates/tecal_flowering_azalea_leaves.json' missing model for variant: 'colorfulazaleas:tecal_flowering_azalea_leaves#distance=6,persistent=false,waterlogged=true'
[03:33:05] [Worker-Main-10/WARN] (Minecraft) Exception loading blockstate definition: 'colorfulazaleas:blockstates/tecal_flowering_azalea_leaves.json' missing model for variant: 'colorfulazaleas:tecal_flowering_azalea_leaves#distance=3,persistent=true,waterlogged=false'
[03:33:05] [Worker-Main-10/WARN] (Minecraft) Exception loading blockstate definition: 'colorfulazaleas:blockstates/tecal_flowering_azalea_leaves.json' missing model for variant: 'colorfulazaleas:tecal_flowering_azalea_leaves#distance=5,persistent=true,waterlogged=false'
[03:33:05] [Worker-Main-10/WARN] (Minecraft) Exception loading blockstate definition: 'colorfulazaleas:blockstates/tecal_flowering_azalea_leaves.json' missing model for variant: 'colorfulazaleas:tecal_flowering_azalea_leaves#distance=3,persistent=false,waterlogged=true'
[03:33:05] [Worker-Main-10/WARN] (Minecraft) Exception loading blockstate definition: 'colorfulazaleas:blockstates/tecal_flowering_azalea_leaves.json' missing model for variant: 'colorfulazaleas:tecal_flowering_azalea_leaves#distance=2,persistent=true,waterlogged=false'
[03:33:05] [Worker-Main-10/WARN] (Minecraft) Exception loading blockstate definition: 'colorfulazaleas:blockstates/tecal_flowering_azalea_leaves.json' missing model for variant: 'colorfulazaleas:tecal_flowering_azalea_leaves#distance=4,persistent=true,waterlogged=true'
[03:33:05] [Worker-Main-10/WARN] (Minecraft) Exception loading blockstate definition: 'colorfulazaleas:blockstates/tecal_flowering_azalea_leaves.json' missing model for variant: 'colorfulazaleas:tecal_flowering_azalea_leaves#distance=5,persistent=true,waterlogged=true'
[03:33:05] [Worker-Main-10/WARN] (Minecraft) Exception loading blockstate definition: 'colorfulazaleas:blockstates/tecal_flowering_azalea_leaves.json' missing model for variant: 'colorfulazaleas:tecal_flowering_azalea_leaves#distance=5,persistent=false,waterlogged=true'
[03:33:05] [Worker-Main-10/WARN] (Minecraft) Exception loading blockstate definition: 'colorfulazaleas:blockstates/tecal_flowering_azalea_leaves.json' missing model for variant: 'colorfulazaleas:tecal_flowering_azalea_leaves#distance=6,persistent=true,waterlogged=true'
[03:33:05] [Worker-Main-10/WARN] (Minecraft) Exception loading blockstate definition: 'colorfulazaleas:blockstates/tecal_flowering_azalea_leaves.json' missing model for variant: 'colorfulazaleas:tecal_flowering_azalea_leaves#distance=6,persistent=false,waterlogged=false'
[03:33:05] [Worker-Main-10/WARN] (Minecraft) Exception loading blockstate definition: 'colorfulazaleas:blockstates/tecal_flowering_azalea_leaves.json' missing model for variant: 'colorfulazaleas:tecal_flowering_azalea_leaves#distance=6,persistent=true,waterlogged=false'
[03:33:05] [Worker-Main-10/WARN] (Minecraft) Exception loading blockstate definition: 'colorfulazaleas:blockstates/tecal_flowering_azalea_leaves.json' missing model for variant: 'colorfulazaleas:tecal_flowering_azalea_leaves#distance=2,persistent=false,waterlogged=false'
[03:33:05] [Worker-Main-10/WARN] (Minecraft) Exception loading blockstate definition: 'colorfulazaleas:blockstates/tecal_flowering_azalea_leaves.json' missing model for variant: 'colorfulazaleas:tecal_flowering_azalea_leaves#distance=3,persistent=true,waterlogged=true'
[03:33:05] [Worker-Main-10/WARN] (Minecraft) Exception loading blockstate definition: 'colorfulazaleas:blockstates/tecal_flowering_azalea_leaves.json' missing model for variant: 'colorfulazaleas:tecal_flowering_azalea_leaves#distance=2,persistent=true,waterlogged=true'
[03:33:05] [Worker-Main-10/WARN] (Minecraft) Exception loading blockstate definition: 'colorfulazaleas:blockstates/tecal_flowering_azalea_leaves.json' missing model for variant: 'colorfulazaleas:tecal_flowering_azalea_leaves#distance=1,persistent=true,waterlogged=true'
[03:33:05] [Worker-Main-10/WARN] (Minecraft) Exception loading blockstate definition: 'colorfulazaleas:blockstates/tecal_flowering_azalea_leaves.json' missing model for variant: 'colorfulazaleas:tecal_flowering_azalea_leaves#distance=7,persistent=false,waterlogged=true'
[03:33:05] [Worker-Main-10/WARN] (Minecraft) Exception loading blockstate definition: 'colorfulazaleas:blockstates/tecal_flowering_azalea_leaves.json' missing model for variant: 'colorfulazaleas:tecal_flowering_azalea_leaves#distance=2,persistent=false,waterlogged=true'
[03:33:05] [Worker-Main-10/WARN] (Minecraft) Exception loading blockstate definition: 'colorfulazaleas:blockstates/tecal_flowering_azalea_leaves.json' missing model for variant: 'colorfulazaleas:tecal_flowering_azalea_leaves#distance=4,persistent=true,waterlogged=false'
[03:33:05] [Worker-Main-10/WARN] (Minecraft) Exception loading blockstate definition: 'colorfulazaleas:blockstates/tecal_flowering_azalea_leaves.json' missing model for variant: 'colorfulazaleas:tecal_flowering_azalea_leaves#distance=4,persistent=false,waterlogged=false'
[03:33:05] [Worker-Main-10/WARN] (Minecraft) Exception loading blockstate definition: 'colorfulazaleas:blockstates/tecal_blooming_azalea_leaves.json' missing model for variant: 'colorfulazaleas:tecal_blooming_azalea_leaves#distance=1,persistent=true,waterlogged=true'
[03:33:05] [Worker-Main-10/WARN] (Minecraft) Exception loading blockstate definition: 'colorfulazaleas:blockstates/tecal_blooming_azalea_leaves.json' missing model for variant: 'colorfulazaleas:tecal_blooming_azalea_leaves#distance=2,persistent=true,waterlogged=true'
[03:33:05] [Worker-Main-10/WARN] (Minecraft) Exception loading blockstate definition: 'colorfulazaleas:blockstates/tecal_blooming_azalea_leaves.json' missing model for variant: 'colorfulazaleas:tecal_blooming_azalea_leaves#distance=3,persistent=true,waterlogged=false'
[03:33:05] [Worker-Main-10/WARN] (Minecraft) Exception loading blockstate definition: 'colorfulazaleas:blockstates/tecal_blooming_azalea_leaves.json' missing model for variant: 'colorfulazaleas:tecal_blooming_azalea_leaves#distance=6,persistent=true,waterlogged=true'
[03:33:05] [Worker-Main-10/WARN] (Minecraft) Exception loading blockstate definition: 'colorfulazaleas:blockstates/tecal_blooming_azalea_leaves.json' missing model for variant: 'colorfulazaleas:tecal_blooming_azalea_leaves#distance=5,persistent=true,waterlogged=true'
[03:33:05] [Worker-Main-10/WARN] (Minecraft) Exception loading blockstate definition: 'colorfulazaleas:blockstates/tecal_blooming_azalea_leaves.json' missing model for variant: 'colorfulazaleas:tecal_blooming_azalea_leaves#distance=4,persistent=true,waterlogged=true'
[03:33:05] [Worker-Main-10/WARN] (Minecraft) Exception loading blockstate definition: 'colorfulazaleas:blockstates/tecal_blooming_azalea_leaves.json' missing model for variant: 'colorfulazaleas:tecal_blooming_azalea_leaves#distance=3,persistent=true,waterlogged=true'
[03:33:05] [Worker-Main-10/WARN] (Minecraft) Exception loading blockstate definition: 'colorfulazaleas:blockstates/tecal_blooming_azalea_leaves.json' missing model for variant: 'colorfulazaleas:tecal_blooming_azalea_leaves#distance=5,persistent=false,waterlogged=true'
[03:33:05] [Worker-Main-10/WARN] (Minecraft) Exception loading blockstate definition: 'colorfulazaleas:blockstates/tecal_blooming_azalea_leaves.json' missing model for variant: 'colorfulazaleas:tecal_blooming_azalea_leaves#distance=7,persistent=true,waterlogged=true'
[03:33:05] [Worker-Main-10/WARN] (Minecraft) Exception loading blockstate definition: 'colorfulazaleas:blockstates/tecal_blooming_azalea_leaves.json' missing model for variant: 'colorfulazaleas:tecal_blooming_azalea_leaves#distance=2,persistent=false,waterlogged=true'
[03:33:05] [Worker-Main-10/WARN] (Minecraft) Exception loading blockstate definition: 'colorfulazaleas:blockstates/tecal_blooming_azalea_leaves.json' missing model for variant: 'colorfulazaleas:tecal_blooming_azalea_leaves#distance=1,persistent=true,waterlogged=false'
[03:33:05] [Worker-Main-10/WARN] (Minecraft) Exception loading blockstate definition: 'colorfulazaleas:blockstates/tecal_blooming_azalea_leaves.json' missing model for variant: 'colorfulazaleas:tecal_blooming_azalea_leaves#distance=6,persistent=true,waterlogged=false'
[03:33:05] [Worker-Main-10/WARN] (Minecraft) Exception loading blockstate definition: 'colorfulazaleas:blockstates/tecal_blooming_azalea_leaves.json' missing model for variant: 'colorfulazaleas:tecal_blooming_azalea_leaves#distance=2,persistent=false,waterlogged=false'
[03:33:05] [Worker-Main-10/WARN] (Minecraft) Exception loading blockstate definition: 'colorfulazaleas:blockstates/tecal_blooming_azalea_leaves.json' missing model for variant: 'colorfulazaleas:tecal_blooming_azalea_leaves#distance=4,persistent=false,waterlogged=false'
[03:33:05] [Worker-Main-10/WARN] (Minecraft) Exception loading blockstate definition: 'colorfulazaleas:blockstates/tecal_blooming_azalea_leaves.json' missing model for variant: 'colorfulazaleas:tecal_blooming_azalea_leaves#distance=6,persistent=false,waterlogged=false'
[03:33:05] [Worker-Main-10/WARN] (Minecraft) Exception loading blockstate definition: 'colorfulazaleas:blockstates/tecal_blooming_azalea_leaves.json' missing model for variant: 'colorfulazaleas:tecal_blooming_azalea_leaves#distance=4,persistent=true,waterlogged=false'
[03:33:05] [Worker-Main-10/WARN] (Minecraft) Exception loading blockstate definition: 'colorfulazaleas:blockstates/tecal_blooming_azalea_leaves.json' missing model for variant: 'colorfulazaleas:tecal_blooming_azalea_leaves#distance=4,persistent=false,waterlogged=true'
[03:33:05] [Worker-Main-10/WARN] (Minecraft) Exception loading blockstate definition: 'colorfulazaleas:blockstates/tecal_blooming_azalea_leaves.json' missing model for variant: 'colorfulazaleas:tecal_blooming_azalea_leaves#distance=7,persistent=false,waterlogged=true'
[03:33:05] [Worker-Main-10/WARN] (Minecraft) Exception loading blockstate definition: 'colorfulazaleas:blockstates/tecal_blooming_azalea_leaves.json' missing model for variant: 'colorfulazaleas:tecal_blooming_azalea_leaves#distance=2,persistent=true,waterlogged=false'
[03:33:05] [Worker-Main-10/WARN] (Minecraft) Exception loading blockstate definition: 'colorfulazaleas:blockstates/tecal_blooming_azalea_leaves.json' missing model for variant: 'colorfulazaleas:tecal_blooming_azalea_leaves#distance=7,persistent=true,waterlogged=false'
[03:33:05] [Worker-Main-10/WARN] (Minecraft) Exception loading blockstate definition: 'colorfulazaleas:blockstates/tecal_blooming_azalea_leaves.json' missing model for variant: 'colorfulazaleas:tecal_blooming_azalea_leaves#distance=5,persistent=true,waterlogged=false'
[03:33:05] [Worker-Main-10/WARN] (Minecraft) Exception loading blockstate definition: 'colorfulazaleas:blockstates/tecal_blooming_azalea_leaves.json' missing model for variant: 'colorfulazaleas:tecal_blooming_azalea_leaves#distance=6,persistent=false,waterlogged=true'
[03:33:05] [Worker-Main-10/WARN] (Minecraft) Exception loading blockstate definition: 'colorfulazaleas:blockstates/tecal_blooming_azalea_leaves.json' missing model for variant: 'colorfulazaleas:tecal_blooming_azalea_leaves#distance=1,persistent=false,waterlogged=true'
[03:33:05] [Worker-Main-10/WARN] (Minecraft) Exception loading blockstate definition: 'colorfulazaleas:blockstates/tecal_blooming_azalea_leaves.json' missing model for variant: 'colorfulazaleas:tecal_blooming_azalea_leaves#distance=3,persistent=false,waterlogged=false'
[03:33:05] [Worker-Main-10/WARN] (Minecraft) Exception loading blockstate definition: 'colorfulazaleas:blockstates/tecal_blooming_azalea_leaves.json' missing model for variant: 'colorfulazaleas:tecal_blooming_azalea_leaves#distance=5,persistent=false,waterlogged=false'
[03:33:05] [Worker-Main-10/WARN] (Minecraft) Exception loading blockstate definition: 'colorfulazaleas:blockstates/tecal_blooming_azalea_leaves.json' missing model for variant: 'colorfulazaleas:tecal_blooming_azalea_leaves#distance=1,persistent=false,waterlogged=false'
[03:33:05] [Worker-Main-10/WARN] (Minecraft) Exception loading blockstate definition: 'colorfulazaleas:blockstates/tecal_blooming_azalea_leaves.json' missing model for variant: 'colorfulazaleas:tecal_blooming_azalea_leaves#distance=7,persistent=false,waterlogged=false'
[03:33:05] [Worker-Main-10/WARN] (Minecraft) Exception loading blockstate definition: 'colorfulazaleas:blockstates/tecal_blooming_azalea_leaves.json' missing model for variant: 'colorfulazaleas:tecal_blooming_azalea_leaves#distance=3,persistent=false,waterlogged=true'
[03:33:05] [Worker-Main-10/WARN] (Minecraft) Exception loading blockstate definition: 'colorfulazaleas:blockstates/tecal_drooping_azalea_leaves.json' missing model for variant: 'colorfulazaleas:tecal_drooping_azalea_leaves#extended=true'
[03:33:05] [Worker-Main-10/WARN] (Minecraft) Exception loading blockstate definition: 'colorfulazaleas:blockstates/tecal_drooping_azalea_leaves.json' missing model for variant: 'colorfulazaleas:tecal_drooping_azalea_leaves#extended=false'
[03:33:05] [Worker-Main-10/WARN] (Minecraft) Exception loading blockstate definition: 'colorfulazaleas:blockstates/tecal_azalea_sapling.json' missing model for variant: 'colorfulazaleas:tecal_azalea_sapling#stage=0'
[03:33:05] [Worker-Main-10/WARN] (Minecraft) Exception loading blockstate definition: 'colorfulazaleas:blockstates/tecal_azalea_sapling.json' missing model for variant: 'colorfulazaleas:tecal_azalea_sapling#stage=1'
[03:33:05] [Worker-Main-10/WARN] (Minecraft) Exception loading blockstate definition: 'colorfulazaleas:blockstates/potted_tecal_azalea_sapling.json' missing model for variant: 'colorfulazaleas:potted_tecal_azalea_sapling#'
[03:33:05] [Worker-Main-10/WARN] (Minecraft) Exception loading blockstate definition: 'colorfulazaleas:blockstates/fiss_azalea_leaves.json' missing model for variant: 'colorfulazaleas:fiss_azalea_leaves#distance=1,persistent=true,waterlogged=false'
[03:33:05] [Worker-Main-10/WARN] (Minecraft) Exception loading blockstate definition: 'colorfulazaleas:blockstates/fiss_azalea_leaves.json' missing model for variant: 'colorfulazaleas:fiss_azalea_leaves#distance=4,persistent=true,waterlogged=false'
[03:33:05] [Worker-Main-10/WARN] (Minecraft) Exception loading blockstate definition: 'colorfulazaleas:blockstates/fiss_azalea_leaves.json' missing model for variant: 'colorfulazaleas:fiss_azalea_leaves#distance=1,persistent=false,waterlogged=true'
[03:33:05] [Worker-Main-10/WARN] (Minecraft) Exception loading blockstate definition: 'colorfulazaleas:blockstates/fiss_azalea_leaves.json' missing model for variant: 'colorfulazaleas:fiss_azalea_leaves#distance=6,persistent=false,waterlogged=true'
[03:33:05] [Worker-Main-10/WARN] (Minecraft) Exception loading blockstate definition: 'colorfulazaleas:blockstates/fiss_azalea_leaves.json' missing model for variant: 'colorfulazaleas:fiss_azalea_leaves#distance=3,persistent=false,waterlogged=true'
[03:33:05] [Worker-Main-10/WARN] (Minecraft) Exception loading blockstate definition: 'colorfulazaleas:blockstates/fiss_azalea_leaves.json' missing model for variant: 'colorfulazaleas:fiss_azalea_leaves#distance=5,persistent=false,waterlogged=false'
[03:33:05] [Worker-Main-10/WARN] (Minecraft) Exception loading blockstate definition: 'colorfulazaleas:blockstates/fiss_azalea_leaves.json' missing model for variant: 'colorfulazaleas:fiss_azalea_leaves#distance=1,persistent=false,waterlogged=false'
[03:33:05] [Worker-Main-10/WARN] (Minecraft) Exception loading blockstate definition: 'colorfulazaleas:blockstates/fiss_azalea_leaves.json' missing model for variant: 'colorfulazaleas:fiss_azalea_leaves#distance=7,persistent=true,waterlogged=false'
[03:33:05] [Worker-Main-10/WARN] (Minecraft) Exception loading blockstate definition: 'colorfulazaleas:blockstates/fiss_azalea_leaves.json' missing model for variant: 'colorfulazaleas:fiss_azalea_leaves#distance=3,persistent=false,waterlogged=false'
[03:33:05] [Worker-Main-10/WARN] (Minecraft) Exception loading blockstate definition: 'colorfulazaleas:blockstates/fiss_azalea_leaves.json' missing model for variant: 'colorfulazaleas:fiss_azalea_leaves#distance=5,persistent=true,waterlogged=false'
[03:33:05] [Worker-Main-10/WARN] (Minecraft) Exception loading blockstate definition: 'colorfulazaleas:blockstates/fiss_azalea_leaves.json' missing model for variant: 'colorfulazaleas:fiss_azalea_leaves#distance=7,persistent=false,waterlogged=false'
[03:33:05] [Worker-Main-10/WARN] (Minecraft) Exception loading blockstate definition: 'colorfulazaleas:blockstates/fiss_azalea_leaves.json' missing model for variant: 'colorfulazaleas:fiss_azalea_leaves#distance=5,persistent=false,waterlogged=true'
[03:33:05] [Worker-Main-10/WARN] (Minecraft) Exception loading blockstate definition: 'colorfulazaleas:blockstates/fiss_azalea_leaves.json' missing model for variant: 'colorfulazaleas:fiss_azalea_leaves#distance=2,persistent=true,waterlogged=false'
[03:33:05] [Worker-Main-10/WARN] (Minecraft) Exception loading blockstate definition: 'colorfulazaleas:blockstates/fiss_azalea_leaves.json' missing model for variant: 'colorfulazaleas:fiss_azalea_leaves#distance=3,persistent=true,waterlogged=false'
[03:33:05] [Worker-Main-10/WARN] (Minecraft) Exception loading blockstate definition: 'colorfulazaleas:blockstates/fiss_azalea_leaves.json' missing model for variant: 'colorfulazaleas:fiss_azalea_leaves#distance=4,persistent=true,waterlogged=true'
[03:33:05] [Worker-Main-10/WARN] (Minecraft) Exception loading blockstate definition: 'colorfulazaleas:blockstates/fiss_azalea_leaves.json' missing model for variant: 'colorfulazaleas:fiss_azalea_leaves#distance=5,persistent=true,waterlogged=true'
[03:33:05] [Worker-Main-10/WARN] (Minecraft) Exception loading blockstate definition: 'colorfulazaleas:blockstates/fiss_azalea_leaves.json' missing model for variant: 'colorfulazaleas:fiss_azalea_leaves#distance=2,persistent=false,waterlogged=false'
[03:33:05] [Worker-Main-10/WARN] (Minecraft) Exception loading blockstate definition: 'colorfulazaleas:blockstates/fiss_azalea_leaves.json' missing model for variant: 'colorfulazaleas:fiss_azalea_leaves#distance=3,persistent=true,waterlogged=true'
[03:33:05] [Worker-Main-10/WARN] (Minecraft) Exception loading blockstate definition: 'colorfulazaleas:blockstates/fiss_azalea_leaves.json' missing model for variant: 'colorfulazaleas:fiss_azalea_leaves#distance=4,persistent=false,waterlogged=false'
[03:33:05] [Worker-Main-10/WARN] (Minecraft) Exception loading blockstate definition: 'colorfulazaleas:blockstates/fiss_azalea_leaves.json' missing model for variant: 'colorfulazaleas:fiss_azalea_leaves#distance=6,persistent=true,waterlogged=true'
[03:33:05] [Worker-Main-10/WARN] (Minecraft) Exception loading blockstate definition: 'colorfulazaleas:blockstates/fiss_azalea_leaves.json' missing model for variant: 'colorfulazaleas:fiss_azalea_leaves#distance=2,persistent=true,waterlogged=true'
[03:33:05] [Worker-Main-10/WARN] (Minecraft) Exception loading blockstate definition: 'colorfulazaleas:blockstates/fiss_azalea_leaves.json' missing model for variant: 'colorfulazaleas:fiss_azalea_leaves#distance=6,persistent=false,waterlogged=false'
[03:33:05] [Worker-Main-10/WARN] (Minecraft) Exception loading blockstate definition: 'colorfulazaleas:blockstates/fiss_azalea_leaves.json' missing model for variant: 'colorfulazaleas:fiss_azalea_leaves#distance=7,persistent=true,waterlogged=true'
[03:33:05] [Worker-Main-10/WARN] (Minecraft) Exception loading blockstate definition: 'colorfulazaleas:blockstates/fiss_azalea_leaves.json' missing model for variant: 'colorfulazaleas:fiss_azalea_leaves#distance=1,persistent=true,waterlogged=true'
[03:33:05] [Worker-Main-10/WARN] (Minecraft) Exception loading blockstate definition: 'colorfulazaleas:blockstates/fiss_azalea_leaves.json' missing model for variant: 'colorfulazaleas:fiss_azalea_leaves#distance=6,persistent=true,waterlogged=false'
[03:33:05] [Worker-Main-10/WARN] (Minecraft) Exception loading blockstate definition: 'colorfulazaleas:blockstates/fiss_azalea_leaves.json' missing model for variant: 'colorfulazaleas:fiss_azalea_leaves#distance=7,persistent=false,waterlogged=true'
[03:33:05] [Worker-Main-10/WARN] (Minecraft) Exception loading blockstate definition: 'colorfulazaleas:blockstates/fiss_azalea_leaves.json' missing model for variant: 'colorfulazaleas:fiss_azalea_leaves#distance=2,persistent=false,waterlogged=true'
[03:33:05] [Worker-Main-10/WARN] (Minecraft) Exception loading blockstate definition: 'colorfulazaleas:blockstates/fiss_azalea_leaves.json' missing model for variant: 'colorfulazaleas:fiss_azalea_leaves#distance=4,persistent=false,waterlogged=true'
[03:33:05] [Worker-Main-10/WARN] (Minecraft) Exception loading blockstate definition: 'colorfulazaleas:blockstates/fiss_flowering_azalea_leaves.json' missing model for variant: 'colorfulazaleas:fiss_flowering_azalea_leaves#distance=1,persistent=true,waterlogged=false'
[03:33:05] [Worker-Main-10/WARN] (Minecraft) Exception loading blockstate definition: 'colorfulazaleas:blockstates/fiss_flowering_azalea_leaves.json' missing model for variant: 'colorfulazaleas:fiss_flowering_azalea_leaves#distance=4,persistent=true,waterlogged=false'
[03:33:05] [Worker-Main-10/WARN] (Minecraft) Exception loading blockstate definition: 'colorfulazaleas:blockstates/fiss_flowering_azalea_leaves.json' missing model for variant: 'colorfulazaleas:fiss_flowering_azalea_leaves#distance=4,persistent=false,waterlogged=true'
[03:33:05] [Worker-Main-10/WARN] (Minecraft) Exception loading blockstate definition: 'colorfulazaleas:blockstates/fiss_flowering_azalea_leaves.json' missing model for variant: 'colorfulazaleas:fiss_flowering_azalea_leaves#distance=6,persistent=true,waterlogged=false'
[03:33:05] [Worker-Main-10/WARN] (Minecraft) Exception loading blockstate definition: 'colorfulazaleas:blockstates/fiss_flowering_azalea_leaves.json' missing model for variant: 'colorfulazaleas:fiss_flowering_azalea_leaves#distance=4,persistent=true,waterlogged=true'
[03:33:05] [Worker-Main-10/WARN] (Minecraft) Exception loading blockstate definition: 'colorfulazaleas:blockstates/fiss_flowering_azalea_leaves.json' missing model for variant: 'colorfulazaleas:fiss_flowering_azalea_leaves#distance=3,persistent=true,waterlogged=true'
[03:33:05] [Worker-Main-10/WARN] (Minecraft) Exception loading blockstate definition: 'colorfulazaleas:blockstates/fiss_flowering_azalea_leaves.json' missing model for variant: 'colorfulazaleas:fiss_flowering_azalea_leaves#distance=1,persistent=true,waterlogged=true'
[03:33:05] [Worker-Main-10/WARN] (Minecraft) Exception loading blockstate definition: 'colorfulazaleas:blockstates/fiss_flowering_azalea_leaves.json' missing model for variant: 'colorfulazaleas:fiss_flowering_azalea_leaves#distance=3,persistent=false,waterlogged=true'
[03:33:05] [Worker-Main-10/WARN] (Minecraft) Exception loading blockstate definition: 'colorfulazaleas:blockstates/fiss_flowering_azalea_leaves.json' missing model for variant: 'colorfulazaleas:fiss_flowering_azalea_leaves#distance=5,persistent=false,waterlogged=false'
[03:33:05] [Worker-Main-10/WARN] (Minecraft) Exception loading blockstate definition: 'colorfulazaleas:blockstates/fiss_flowering_azalea_leaves.json' missing model for variant: 'colorfulazaleas:fiss_flowering_azalea_leaves#distance=7,persistent=true,waterlogged=true'
[03:33:05] [Worker-Main-10/WARN] (Minecraft) Exception loading blockstate definition: 'colorfulazaleas:blockstates/fiss_flowering_azalea_leaves.json' missing model for variant: 'colorfulazaleas:fiss_flowering_azalea_leaves#distance=1,persistent=false,waterlogged=false'
[03:33:05] [Worker-Main-10/WARN] (Minecraft) Exception loading blockstate definition: 'colorfulazaleas:blockstates/fiss_flowering_azalea_leaves.json' missing model for variant: 'colorfulazaleas:fiss_flowering_azalea_leaves#distance=2,persistent=true,waterlogged=true'
[03:33:05] [Worker-Main-10/WARN] (Minecraft) Exception loading blockstate definition: 'colorfulazaleas:blockstates/fiss_flowering_azalea_leaves.json' missing model for variant: 'colorfulazaleas:fiss_flowering_azalea_leaves#distance=3,persistent=false,waterlogged=false'
[03:33:05] [Worker-Main-10/WARN] (Minecraft) Exception loading blockstate definition: 'colorfulazaleas:blockstates/fiss_flowering_azalea_leaves.json' missing model for variant: 'colorfulazaleas:fiss_flowering_azalea_leaves#distance=6,persistent=true,waterlogged=true'
[03:33:05] [Worker-Main-10/WARN] (Minecraft) Exception loading blockstate definition: 'colorfulazaleas:blockstates/fiss_flowering_azalea_leaves.json' missing model for variant: 'colorfulazaleas:fiss_flowering_azalea_leaves#distance=5,persistent=true,waterlogged=true'
[03:33:05] [Worker-Main-10/WARN] (Minecraft) Exception loading blockstate definition: 'colorfulazaleas:blockstates/fiss_flowering_azalea_leaves.json' missing model for variant: 'colorfulazaleas:fiss_flowering_azalea_leaves#distance=3,persistent=true,waterlogged=false'
[03:33:05] [Worker-Main-10/WARN] (Minecraft) Exception loading blockstate definition: 'colorfulazaleas:blockstates/fiss_flowering_azalea_leaves.json' missing model for variant: 'colorfulazaleas:fiss_flowering_azalea_leaves#distance=6,persistent=false,waterlogged=true'
[03:33:05] [Worker-Main-10/WARN] (Minecraft) Exception loading blockstate definition: 'colorfulazaleas:blockstates/fiss_flowering_azalea_leaves.json' missing model for variant: 'colorfulazaleas:fiss_flowering_azalea_leaves#distance=1,persistent=false,waterlogged=true'
[03:33:05] [Worker-Main-10/WARN] (Minecraft) Exception loading blockstate definition: 'colorfulazaleas:blockstates/fiss_flowering_azalea_leaves.json' missing model for variant: 'colorfulazaleas:fiss_flowering_azalea_leaves#distance=5,persistent=false,waterlogged=true'
[03:33:05] [Worker-Main-10/WARN] (Minecraft) Exception loading blockstate definition: 'colorfulazaleas:blockstates/fiss_flowering_azalea_leaves.json' missing model for variant: 'colorfulazaleas:fiss_flowering_azalea_leaves#distance=5,persistent=true,waterlogged=false'
[03:33:05] [Worker-Main-10/WARN] (Minecraft) Exception loading blockstate definition: 'colorfulazaleas:blockstates/fiss_flowering_azalea_leaves.json' missing model for variant: 'colorfulazaleas:fiss_flowering_azalea_leaves#distance=7,persistent=false,waterlogged=false'
[03:33:05] [Worker-Main-10/WARN] (Minecraft) Exception loading blockstate definition: 'colorfulazaleas:blockstates/fiss_flowering_azalea_leaves.json' missing model for variant: 'colorfulazaleas:fiss_flowering_azalea_leaves#distance=2,persistent=false,waterlogged=false'
[03:33:05] [Worker-Main-10/WARN] (Minecraft) Exception loading blockstate definition: 'colorfulazaleas:blockstates/fiss_flowering_azalea_leaves.json' missing model for variant: 'colorfulazaleas:fiss_flowering_azalea_leaves#distance=6,persistent=false,waterlogged=false'
[03:33:05] [Worker-Main-10/WARN] (Minecraft) Exception loading blockstate definition: 'colorfulazaleas:blockstates/fiss_flowering_azalea_leaves.json' missing model for variant: 'colorfulazaleas:fiss_flowering_azalea_leaves#distance=7,persistent=true,waterlogged=false'
[03:33:05] [Worker-Main-10/WARN] (Minecraft) Exception loading blockstate definition: 'colorfulazaleas:blockstates/fiss_flowering_azalea_leaves.json' missing model for variant: 'colorfulazaleas:fiss_flowering_azalea_leaves#distance=7,persistent=false,waterlogged=true'
[03:33:05] [Worker-Main-10/WARN] (Minecraft) Exception loading blockstate definition: 'colorfulazaleas:blockstates/fiss_flowering_azalea_leaves.json' missing model for variant: 'colorfulazaleas:fiss_flowering_azalea_leaves#distance=4,persistent=false,waterlogged=false'
[03:33:05] [Worker-Main-10/WARN] (Minecraft) Exception loading blockstate definition: 'colorfulazaleas:blockstates/fiss_flowering_azalea_leaves.json' missing model for variant: 'colorfulazaleas:fiss_flowering_azalea_leaves#distance=2,persistent=false,waterlogged=true'
[03:33:05] [Worker-Main-10/WARN] (Minecraft) Exception loading blockstate definition: 'colorfulazaleas:blockstates/fiss_flowering_azalea_leaves.json' missing model for variant: 'colorfulazaleas:fiss_flowering_azalea_leaves#distance=2,persistent=true,waterlogged=false'
[03:33:05] [Worker-Main-10/WARN] (Minecraft) Exception loading blockstate definition: 'colorfulazaleas:blockstates/fiss_blooming_azalea_leaves.json' missing model for variant: 'colorfulazaleas:fiss_blooming_azalea_leaves#distance=4,persistent=false,waterlogged=false'
[03:33:05] [Worker-Main-10/WARN] (Minecraft) Exception loading blockstate definition: 'colorfulazaleas:blockstates/fiss_blooming_azalea_leaves.json' missing model for variant: 'colorfulazaleas:fiss_blooming_azalea_leaves#distance=6,persistent=true,waterlogged=true'
[03:33:05] [Worker-Main-10/WARN] (Minecraft) Exception loading blockstate definition: 'colorfulazaleas:blockstates/fiss_blooming_azalea_leaves.json' missing model for variant: 'colorfulazaleas:fiss_blooming_azalea_leaves#distance=6,persistent=false,waterlogged=false'
[03:33:05] [Worker-Main-10/WARN] (Minecraft) Exception loading blockstate definition: 'colorfulazaleas:blockstates/fiss_blooming_azalea_leaves.json' missing model for variant: 'colorfulazaleas:fiss_blooming_azalea_leaves#distance=7,persistent=true,waterlogged=true'
[03:33:05] [Worker-Main-10/WARN] (Minecraft) Exception loading blockstate definition: 'colorfulazaleas:blockstates/fiss_blooming_azalea_leaves.json' missing model for variant: 'colorfulazaleas:fiss_blooming_azalea_leaves#distance=5,persistent=true,waterlogged=true'
[03:33:05] [Worker-Main-10/WARN] (Minecraft) Exception loading blockstate definition: 'colorfulazaleas:blockstates/fiss_blooming_azalea_leaves.json' missing model for variant: 'colorfulazaleas:fiss_blooming_azalea_leaves#distance=1,persistent=true,waterlogged=true'
[03:33:05] [Worker-Main-10/WARN] (Minecraft) Exception loading blockstate definition: 'colorfulazaleas:blockstates/fiss_blooming_azalea_leaves.json' missing model for variant: 'colorfulazaleas:fiss_blooming_azalea_leaves#distance=2,persistent=true,waterlogged=true'
[03:33:05] [Worker-Main-10/WARN] (Minecraft) Exception loading blockstate definition: 'colorfulazaleas:blockstates/fiss_blooming_azalea_leaves.json' missing model for variant: 'colorfulazaleas:fiss_blooming_azalea_leaves#distance=4,persistent=true,waterlogged=true'
[03:33:05] [Worker-Main-10/WARN] (Minecraft) Exception loading blockstate definition: 'colorfulazaleas:blockstates/fiss_blooming_azalea_leaves.json' missing model for variant: 'colorfulazaleas:fiss_blooming_azalea_leaves#distance=6,persistent=true,waterlogged=false'
[03:33:05] [Worker-Main-10/WARN] (Minecraft) Exception loading blockstate definition: 'colorfulazaleas:blockstates/fiss_blooming_azalea_leaves.json' missing model for variant: 'colorfulazaleas:fiss_blooming_azalea_leaves#distance=2,persistent=false,waterlogged=false'
[03:33:05] [Worker-Main-10/WARN] (Minecraft) Exception loading blockstate definition: 'colorfulazaleas:blockstates/fiss_blooming_azalea_leaves.json' missing model for variant: 'colorfulazaleas:fiss_blooming_azalea_leaves#distance=3,persistent=true,waterlogged=true'
[03:33:05] [Worker-Main-10/WARN] (Minecraft) Exception loading blockstate definition: 'colorfulazaleas:blockstates/fiss_blooming_azalea_leaves.json' missing model for variant: 'colorfulazaleas:fiss_blooming_azalea_leaves#distance=3,persistent=true,waterlogged=false'
[03:33:05] [Worker-Main-10/WARN] (Minecraft) Exception loading blockstate definition: 'colorfulazaleas:blockstates/fiss_blooming_azalea_leaves.json' missing model for variant: 'colorfulazaleas:fiss_blooming_azalea_leaves#distance=6,persistent=false,waterlogged=true'
[03:33:05] [Worker-Main-10/WARN] (Minecraft) Exception loading blockstate definition: 'colorfulazaleas:blockstates/fiss_blooming_azalea_leaves.json' missing model for variant: 'colorfulazaleas:fiss_blooming_azalea_leaves#distance=1,persistent=false,waterlogged=true'
[03:33:05] [Worker-Main-10/WARN] (Minecraft) Exception loading blockstate definition: 'colorfulazaleas:blockstates/fiss_blooming_azalea_leaves.json' missing model for variant: 'colorfulazaleas:fiss_blooming_azalea_leaves#distance=1,persistent=true,waterlogged=false'
[03:33:05] [Worker-Main-10/WARN] (Minecraft) Exception loading blockstate definition: 'colorfulazaleas:blockstates/fiss_blooming_azalea_leaves.json' missing model for variant: 'colorfulazaleas:fiss_blooming_azalea_leaves#distance=4,persistent=false,waterlogged=true'
[03:33:05] [Worker-Main-10/WARN] (Minecraft) Exception loading blockstate definition: 'colorfulazaleas:blockstates/fiss_blooming_azalea_leaves.json' missing model for variant: 'colorfulazaleas:fiss_blooming_azalea_leaves#distance=4,persistent=true,waterlogged=false'
[03:33:05] [Worker-Main-10/WARN] (Minecraft) Exception loading blockstate definition: 'colorfulazaleas:blockstates/fiss_blooming_azalea_leaves.json' missing model for variant: 'colorfulazaleas:fiss_blooming_azalea_leaves#distance=3,persistent=false,waterlogged=false'
[03:33:05] [Worker-Main-10/WARN] (Minecraft) Exception loading blockstate definition: 'colorfulazaleas:blockstates/fiss_blooming_azalea_leaves.json' missing model for variant: 'colorfulazaleas:fiss_blooming_azalea_leaves#distance=5,persistent=false,waterlogged=false'
[03:33:05] [Worker-Main-10/WARN] (Minecraft) Exception loading blockstate definition: 'colorfulazaleas:blockstates/fiss_blooming_azalea_leaves.json' missing model for variant: 'colorfulazaleas:fiss_blooming_azalea_leaves#distance=7,persistent=false,waterlogged=false'
[03:33:05] [Worker-Main-10/WARN] (Minecraft) Exception loading blockstate definition: 'colorfulazaleas:blockstates/fiss_blooming_azalea_leaves.json' missing model for variant: 'colorfulazaleas:fiss_blooming_azalea_leaves#distance=1,persistent=false,waterlogged=false'
[03:33:05] [Worker-Main-10/WARN] (Minecraft) Exception loading blockstate definition: 'colorfulazaleas:blockstates/fiss_blooming_azalea_leaves.json' missing model for variant: 'colorfulazaleas:fiss_blooming_azalea_leaves#distance=2,persistent=false,waterlogged=true'
[03:33:05] [Worker-Main-10/WARN] (Minecraft) Exception loading blockstate definition: 'colorfulazaleas:blockstates/fiss_blooming_azalea_leaves.json' missing model for variant: 'colorfulazaleas:fiss_blooming_azalea_leaves#distance=7,persistent=false,waterlogged=true'
[03:33:05] [Worker-Main-10/WARN] (Minecraft) Exception loading blockstate definition: 'colorfulazaleas:blockstates/fiss_blooming_azalea_leaves.json' missing model for variant: 'colorfulazaleas:fiss_blooming_azalea_leaves#distance=7,persistent=true,waterlogged=false'
[03:33:05] [Worker-Main-10/WARN] (Minecraft) Exception loading blockstate definition: 'colorfulazaleas:blockstates/fiss_blooming_azalea_leaves.json' missing model for variant: 'colorfulazaleas:fiss_blooming_azalea_leaves#distance=2,persistent=true,waterlogged=false'
[03:33:05] [Worker-Main-10/WARN] (Minecraft) Exception loading blockstate definition: 'colorfulazaleas:blockstates/fiss_blooming_azalea_leaves.json' missing model for variant: 'colorfulazaleas:fiss_blooming_azalea_leaves#distance=5,persistent=false,waterlogged=true'
[03:33:05] [Worker-Main-10/WARN] (Minecraft) Exception loading blockstate definition: 'colorfulazaleas:blockstates/fiss_blooming_azalea_leaves.json' missing model for variant: 'colorfulazaleas:fiss_blooming_azalea_leaves#distance=3,persistent=false,waterlogged=true'
[03:33:05] [Worker-Main-10/WARN] (Minecraft) Exception loading blockstate definition: 'colorfulazaleas:blockstates/fiss_blooming_azalea_leaves.json' missing model for variant: 'colorfulazaleas:fiss_blooming_azalea_leaves#distance=5,persistent=true,waterlogged=false'
[03:33:05] [Worker-Main-10/WARN] (Minecraft) Exception loading blockstate definition: 'colorfulazaleas:blockstates/fiss_drooping_azalea_leaves.json' missing model for variant: 'colorfulazaleas:fiss_drooping_azalea_leaves#extended=false'
[03:33:05] [Worker-Main-10/WARN] (Minecraft) Exception loading blockstate definition: 'colorfulazaleas:blockstates/fiss_drooping_azalea_leaves.json' missing model for variant: 'colorfulazaleas:fiss_drooping_azalea_leaves#extended=true'
[03:33:05] [Worker-Main-10/WARN] (Minecraft) Exception loading blockstate definition: 'colorfulazaleas:blockstates/fiss_azalea_sapling.json' missing model for variant: 'colorfulazaleas:fiss_azalea_sapling#stage=0'
[03:33:05] [Worker-Main-10/WARN] (Minecraft) Exception loading blockstate definition: 'colorfulazaleas:blockstates/fiss_azalea_sapling.json' missing model for variant: 'colorfulazaleas:fiss_azalea_sapling#stage=1'
[03:33:05] [Worker-Main-10/WARN] (Minecraft) Exception loading blockstate definition: 'colorfulazaleas:blockstates/potted_fiss_azalea_sapling.json' missing model for variant: 'colorfulazaleas:potted_fiss_azalea_sapling#'
[03:33:05] [Worker-Main-10/WARN] (Minecraft) Exception loading blockstate definition: 'colorfulazaleas:blockstates/roze_azalea_leaves.json' missing model for variant: 'colorfulazaleas:roze_azalea_leaves#distance=4,persistent=true,waterlogged=false'
[03:33:05] [Worker-Main-10/WARN] (Minecraft) Exception loading blockstate definition: 'colorfulazaleas:blockstates/roze_azalea_leaves.json' missing model for variant: 'colorfulazaleas:roze_azalea_leaves#distance=4,persistent=false,waterlogged=true'
[03:33:05] [Worker-Main-10/WARN] (Minecraft) Exception loading blockstate definition: 'colorfulazaleas:blockstates/roze_azalea_leaves.json' missing model for variant: 'colorfulazaleas:roze_azalea_leaves#distance=7,persistent=false,waterlogged=true'
[03:33:05] [Worker-Main-10/WARN] (Minecraft) Exception loading blockstate definition: 'colorfulazaleas:blockstates/roze_azalea_leaves.json' missing model for variant: 'colorfulazaleas:roze_azalea_leaves#distance=3,persistent=false,waterlogged=false'
[03:33:05] [Worker-Main-10/WARN] (Minecraft) Exception loading blockstate definition: 'colorfulazaleas:blockstates/roze_azalea_leaves.json' missing model for variant: 'colorfulazaleas:roze_azalea_leaves#distance=5,persistent=false,waterlogged=false'
[03:33:05] [Worker-Main-10/WARN] (Minecraft) Exception loading blockstate definition: 'colorfulazaleas:blockstates/roze_azalea_leaves.json' missing model for variant: 'colorfulazaleas:roze_azalea_leaves#distance=7,persistent=false,waterlogged=false'
[03:33:05] [Worker-Main-10/WARN] (Minecraft) Exception loading blockstate definition: 'colorfulazaleas:blockstates/roze_azalea_leaves.json' missing model for variant: 'colorfulazaleas:roze_azalea_leaves#distance=6,persistent=true,waterlogged=false'
[03:33:05] [Worker-Main-10/WARN] (Minecraft) Exception loading blockstate definition: 'colorfulazaleas:blockstates/roze_azalea_leaves.json' missing model for variant: 'colorfulazaleas:roze_azalea_leaves#distance=1,persistent=true,waterlogged=false'
[03:33:05] [Worker-Main-10/WARN] (Minecraft) Exception loading blockstate definition: 'colorfulazaleas:blockstates/roze_azalea_leaves.json' missing model for variant: 'colorfulazaleas:roze_azalea_leaves#distance=1,persistent=false,waterlogged=false'
[03:33:05] [Worker-Main-10/WARN] (Minecraft) Exception loading blockstate definition: 'colorfulazaleas:blockstates/roze_azalea_leaves.json' missing model for variant: 'colorfulazaleas:roze_azalea_leaves#distance=5,persistent=true,waterlogged=true'
[03:33:05] [Worker-Main-10/WARN] (Minecraft) Exception loading blockstate definition: 'colorfulazaleas:blockstates/roze_azalea_leaves.json' missing model for variant: 'colorfulazaleas:roze_azalea_leaves#distance=4,persistent=true,waterlogged=true'
[03:33:05] [Worker-Main-10/WARN] (Minecraft) Exception loading blockstate definition: 'colorfulazaleas:blockstates/roze_azalea_leaves.json' missing model for variant: 'colorfulazaleas:roze_azalea_leaves#distance=1,persistent=false,waterlogged=true'
[03:33:05] [Worker-Main-10/WARN] (Minecraft) Exception loading blockstate definition: 'colorfulazaleas:blockstates/roze_azalea_leaves.json' missing model for variant: 'colorfulazaleas:roze_azalea_leaves#distance=7,persistent=true,waterlogged=true'
[03:33:05] [Worker-Main-10/WARN] (Minecraft) Exception loading blockstate definition: 'colorfulazaleas:blockstates/roze_azalea_leaves.json' missing model for variant: 'colorfulazaleas:roze_azalea_leaves#distance=3,persistent=true,waterlogged=false'
[03:33:05] [Worker-Main-10/WARN] (Minecraft) Exception loading blockstate definition: 'colorfulazaleas:blockstates/roze_azalea_leaves.json' missing model for variant: 'colorfulazaleas:roze_azalea_leaves#distance=6,persistent=true,waterlogged=true'
[03:33:05] [Worker-Main-10/WARN] (Minecraft) Exception loading blockstate definition: 'colorfulazaleas:blockstates/roze_azalea_leaves.json' missing model for variant: 'colorfulazaleas:roze_azalea_leaves#distance=6,persistent=false,waterlogged=true'
[03:33:05] [Worker-Main-10/WARN] (Minecraft) Exception loading blockstate definition: 'colorfulazaleas:blockstates/roze_azalea_leaves.json' missing model for variant: 'colorfulazaleas:roze_azalea_leaves#distance=1,persistent=true,waterlogged=true'
[03:33:05] [Worker-Main-10/WARN] (Minecraft) Exception loading blockstate definition: 'colorfulazaleas:blockstates/roze_azalea_leaves.json' missing model for variant: 'colorfulazaleas:roze_azalea_leaves#distance=2,persistent=true,waterlogged=true'
[03:33:05] [Worker-Main-10/WARN] (Minecraft) Exception loading blockstate definition: 'colorfulazaleas:blockstates/roze_azalea_leaves.json' missing model for variant: 'colorfulazaleas:roze_azalea_leaves#distance=3,persistent=true,waterlogged=true'
[03:33:05] [Worker-Main-10/WARN] (Minecraft) Exception loading blockstate definition: 'colorfulazaleas:blockstates/roze_azalea_leaves.json' missing model for variant: 'colorfulazaleas:roze_azalea_leaves#distance=4,persistent=false,waterlogged=false'
[03:33:05] [Worker-Main-10/WARN] (Minecraft) Exception loading blockstate definition: 'colorfulazaleas:blockstates/roze_azalea_leaves.json' missing model for variant: 'colorfulazaleas:roze_azalea_leaves#distance=5,persistent=true,waterlogged=false'
[03:33:05] [Worker-Main-10/WARN] (Minecraft) Exception loading blockstate definition: 'colorfulazaleas:blockstates/roze_azalea_leaves.json' missing model for variant: 'colorfulazaleas:roze_azalea_leaves#distance=3,persistent=false,waterlogged=true'
[03:33:05] [Worker-Main-10/WARN] (Minecraft) Exception loading blockstate definition: 'colorfulazaleas:blockstates/roze_azalea_leaves.json' missing model for variant: 'colorfulazaleas:roze_azalea_leaves#distance=6,persistent=false,waterlogged=false'
[03:33:05] [Worker-Main-10/WARN] (Minecraft) Exception loading blockstate definition: 'colorfulazaleas:blockstates/roze_azalea_leaves.json' missing model for variant: 'colorfulazaleas:roze_azalea_leaves#distance=2,persistent=false,waterlogged=true'
[03:33:05] [Worker-Main-10/WARN] (Minecraft) Exception loading blockstate definition: 'colorfulazaleas:blockstates/roze_azalea_leaves.json' missing model for variant: 'colorfulazaleas:roze_azalea_leaves#distance=2,persistent=false,waterlogged=false'
[03:33:05] [Worker-Main-10/WARN] (Minecraft) Exception loading blockstate definition: 'colorfulazaleas:blockstates/roze_azalea_leaves.json' missing model for variant: 'colorfulazaleas:roze_azalea_leaves#distance=5,persistent=false,waterlogged=true'
[03:33:05] [Worker-Main-10/WARN] (Minecraft) Exception loading blockstate definition: 'colorfulazaleas:blockstates/roze_azalea_leaves.json' missing model for variant: 'colorfulazaleas:roze_azalea_leaves#distance=7,persistent=true,waterlogged=false'
[03:33:05] [Worker-Main-10/WARN] (Minecraft) Exception loading blockstate definition: 'colorfulazaleas:blockstates/roze_azalea_leaves.json' missing model for variant: 'colorfulazaleas:roze_azalea_leaves#distance=2,persistent=true,waterlogged=false'
[03:33:05] [Worker-Main-10/WARN] (Minecraft) Exception loading blockstate definition: 'colorfulazaleas:blockstates/roze_flowering_azalea_leaves.json' missing model for variant: 'colorfulazaleas:roze_flowering_azalea_leaves#distance=5,persistent=false,waterlogged=true'
[03:33:05] [Worker-Main-10/WARN] (Minecraft) Exception loading blockstate definition: 'colorfulazaleas:blockstates/roze_flowering_azalea_leaves.json' missing model for variant: 'colorfulazaleas:roze_flowering_azalea_leaves#distance=5,persistent=true,waterlogged=false'
[03:33:05] [Worker-Main-10/WARN] (Minecraft) Exception loading blockstate definition: 'colorfulazaleas:blockstates/roze_flowering_azalea_leaves.json' missing model for variant: 'colorfulazaleas:roze_flowering_azalea_leaves#distance=3,persistent=true,waterlogged=false'
[03:33:05] [Worker-Main-10/WARN] (Minecraft) Exception loading blockstate definition: 'colorfulazaleas:blockstates/roze_flowering_azalea_leaves.json' missing model for variant: 'colorfulazaleas:roze_flowering_azalea_leaves#distance=2,persistent=false,waterlogged=true'
[03:33:05] [Worker-Main-10/WARN] (Minecraft) Exception loading blockstate definition: 'colorfulazaleas:blockstates/roze_flowering_azalea_leaves.json' missing model for variant: 'colorfulazaleas:roze_flowering_azalea_leaves#distance=3,persistent=false,waterlogged=false'
[03:33:05] [Worker-Main-10/WARN] (Minecraft) Exception loading blockstate definition: 'colorfulazaleas:blockstates/roze_flowering_azalea_leaves.json' missing model for variant: 'colorfulazaleas:roze_flowering_azalea_leaves#distance=5,persistent=false,waterlogged=false'
[03:33:05] [Worker-Main-10/WARN] (Minecraft) Exception loading blockstate definition: 'colorfulazaleas:blockstates/roze_flowering_azalea_leaves.json' missing model for variant: 'colorfulazaleas:roze_flowering_azalea_leaves#distance=7,persistent=false,waterlogged=false'
[03:33:05] [Worker-Main-10/WARN] (Minecraft) Exception loading blockstate definition: 'colorfulazaleas:blockstates/roze_flowering_azalea_leaves.json' missing model for variant: 'colorfulazaleas:roze_flowering_azalea_leaves#distance=2,persistent=true,waterlogged=false'
[03:33:05] [Worker-Main-10/WARN] (Minecraft) Exception loading blockstate definition: 'colorfulazaleas:blockstates/roze_flowering_azalea_leaves.json' missing model for variant: 'colorfulazaleas:roze_flowering_azalea_leaves#distance=7,persistent=true,waterlogged=false'
[03:33:05] [Worker-Main-10/WARN] (Minecraft) Exception loading blockstate definition: 'colorfulazaleas:blockstates/roze_flowering_azalea_leaves.json' missing model for variant: 'colorfulazaleas:roze_flowering_azalea_leaves#distance=3,persistent=false,waterlogged=true'
[03:33:05] [Worker-Main-10/WARN] (Minecraft) Exception loading blockstate definition: 'colorfulazaleas:blockstates/roze_flowering_azalea_leaves.json' missing model for variant: 'colorfulazaleas:roze_flowering_azalea_leaves#distance=1,persistent=false,waterlogged=true'
[03:33:05] [Worker-Main-10/WARN] (Minecraft) Exception loading blockstate definition: 'colorfulazaleas:blockstates/roze_flowering_azalea_leaves.json' missing model for variant: 'colorfulazaleas:roze_flowering_azalea_leaves#distance=4,persistent=true,waterlogged=false'
[03:33:05] [Worker-Main-10/WARN] (Minecraft) Exception loading blockstate definition: 'colorfulazaleas:blockstates/roze_flowering_azalea_leaves.json' missing model for variant: 'colorfulazaleas:roze_flowering_azalea_leaves#distance=7,persistent=false,waterlogged=true'
[03:33:05] [Worker-Main-10/WARN] (Minecraft) Exception loading blockstate definition: 'colorfulazaleas:blockstates/roze_flowering_azalea_leaves.json' missing model for variant: 'colorfulazaleas:roze_flowering_azalea_leaves#distance=1,persistent=false,waterlogged=false'
[03:33:05] [Worker-Main-10/WARN] (Minecraft) Exception loading blockstate definition: 'colorfulazaleas:blockstates/roze_flowering_azalea_leaves.json' missing model for variant: 'colorfulazaleas:roze_flowering_azalea_leaves#distance=2,persistent=false,waterlogged=false'
[03:33:05] [Worker-Main-10/WARN] (Minecraft) Exception loading blockstate definition: 'colorfulazaleas:blockstates/roze_flowering_azalea_leaves.json' missing model for variant: 'colorfulazaleas:roze_flowering_azalea_leaves#distance=5,persistent=true,waterlogged=true'
[03:33:05] [Worker-Main-10/WARN] (Minecraft) Exception loading blockstate definition: 'colorfulazaleas:blockstates/roze_flowering_azalea_leaves.json' missing model for variant: 'colorfulazaleas:roze_flowering_azalea_leaves#distance=6,persistent=true,waterlogged=true'
[03:33:05] [Worker-Main-10/WARN] (Minecraft) Exception loading blockstate definition: 'colorfulazaleas:blockstates/roze_flowering_azalea_leaves.json' missing model for variant: 'colorfulazaleas:roze_flowering_azalea_leaves#distance=4,persistent=true,waterlogged=true'
[03:33:05] [Worker-Main-10/WARN] (Minecraft) Exception loading blockstate definition: 'colorfulazaleas:blockstates/roze_flowering_azalea_leaves.json' missing model for variant: 'colorfulazaleas:roze_flowering_azalea_leaves#distance=7,persistent=true,waterlogged=true'
[03:33:05] [Worker-Main-10/WARN] (Minecraft) Exception loading blockstate definition: 'colorfulazaleas:blockstates/roze_flowering_azalea_leaves.json' missing model for variant: 'colorfulazaleas:roze_flowering_azalea_leaves#distance=4,persistent=false,waterlogged=false'
[03:33:05] [Worker-Main-10/WARN] (Minecraft) Exception loading blockstate definition: 'colorfulazaleas:blockstates/roze_flowering_azalea_leaves.json' missing model for variant: 'colorfulazaleas:roze_flowering_azalea_leaves#distance=6,persistent=false,waterlogged=true'
[03:33:05] [Worker-Main-10/WARN] (Minecraft) Exception loading blockstate definition: 'colorfulazaleas:blockstates/roze_flowering_azalea_leaves.json' missing model for variant: 'colorfulazaleas:roze_flowering_azalea_leaves#distance=6,persistent=false,waterlogged=false'
[03:33:05] [Worker-Main-10/WARN] (Minecraft) Exception loading blockstate definition: 'colorfulazaleas:blockstates/roze_flowering_azalea_leaves.json' missing model for variant: 'colorfulazaleas:roze_flowering_azalea_leaves#distance=1,persistent=true,waterlogged=true'
[03:33:05] [Worker-Main-10/WARN] (Minecraft) Exception loading blockstate definition: 'colorfulazaleas:blockstates/roze_flowering_azalea_leaves.json' missing model for variant: 'colorfulazaleas:roze_flowering_azalea_leaves#distance=4,persistent=false,waterlogged=true'
[03:33:05] [Worker-Main-10/WARN] (Minecraft) Exception loading blockstate definition: 'colorfulazaleas:blockstates/roze_flowering_azalea_leaves.json' missing model for variant: 'colorfulazaleas:roze_flowering_azalea_leaves#distance=3,persistent=true,waterlogged=true'
[03:33:05] [Worker-Main-10/WARN] (Minecraft) Exception loading blockstate definition: 'colorfulazaleas:blockstates/roze_flowering_azalea_leaves.json' missing model for variant: 'colorfulazaleas:roze_flowering_azalea_leaves#distance=1,persistent=true,waterlogged=false'
[03:33:05] [Worker-Main-10/WARN] (Minecraft) Exception loading blockstate definition: 'colorfulazaleas:blockstates/roze_flowering_azalea_leaves.json' missing model for variant: 'colorfulazaleas:roze_flowering_azalea_leaves#distance=2,persistent=true,waterlogged=true'
[03:33:05] [Worker-Main-10/WARN] (Minecraft) Exception loading blockstate definition: 'colorfulazaleas:blockstates/roze_flowering_azalea_leaves.json' missing model for variant: 'colorfulazaleas:roze_flowering_azalea_leaves#distance=6,persistent=true,waterlogged=false'
[03:33:05] [Worker-Main-10/WARN] (Minecraft) Exception loading blockstate definition: 'colorfulazaleas:blockstates/roze_blooming_azalea_leaves.json' missing model for variant: 'colorfulazaleas:roze_blooming_azalea_leaves#distance=6,persistent=false,waterlogged=true'
[03:33:05] [Worker-Main-10/WARN] (Minecraft) Exception loading blockstate definition: 'colorfulazaleas:blockstates/roze_blooming_azalea_leaves.json' missing model for variant: 'colorfulazaleas:roze_blooming_azalea_leaves#distance=4,persistent=false,waterlogged=false'
[03:33:05] [Worker-Main-10/WARN] (Minecraft) Exception loading blockstate definition: 'colorfulazaleas:blockstates/roze_blooming_azalea_leaves.json' missing model for variant: 'colorfulazaleas:roze_blooming_azalea_leaves#distance=6,persistent=false,waterlogged=false'
[03:33:05] [Worker-Main-10/WARN] (Minecraft) Exception loading blockstate definition: 'colorfulazaleas:blockstates/roze_blooming_azalea_leaves.json' missing model for variant: 'colorfulazaleas:roze_blooming_azalea_leaves#distance=6,persistent=true,waterlogged=true'
[03:33:05] [Worker-Main-10/WARN] (Minecraft) Exception loading blockstate definition: 'colorfulazaleas:blockstates/roze_blooming_azalea_leaves.json' missing model for variant: 'colorfulazaleas:roze_blooming_azalea_leaves#distance=7,persistent=true,waterlogged=true'
[03:33:05] [Worker-Main-10/WARN] (Minecraft) Exception loading blockstate definition: 'colorfulazaleas:blockstates/roze_blooming_azalea_leaves.json' missing model for variant: 'colorfulazaleas:roze_blooming_azalea_leaves#distance=1,persistent=false,waterlogged=true'
[03:33:05] [Worker-Main-10/WARN] (Minecraft) Exception loading blockstate definition: 'colorfulazaleas:blockstates/roze_blooming_azalea_leaves.json' missing model for variant: 'colorfulazaleas:roze_blooming_azalea_leaves#distance=2,persistent=false,waterlogged=false'
[03:33:05] [Worker-Main-10/WARN] (Minecraft) Exception loading blockstate definition: 'colorfulazaleas:blockstates/roze_blooming_azalea_leaves.json' missing model for variant: 'colorfulazaleas:roze_blooming_azalea_leaves#distance=3,persistent=true,waterlogged=false'
[03:33:05] [Worker-Main-10/WARN] (Minecraft) Exception loading blockstate definition: 'colorfulazaleas:blockstates/roze_blooming_azalea_leaves.json' missing model for variant: 'colorfulazaleas:roze_blooming_azalea_leaves#distance=4,persistent=true,waterlogged=false'
[03:33:05] [Worker-Main-10/WARN] (Minecraft) Exception loading blockstate definition: 'colorfulazaleas:blockstates/roze_blooming_azalea_leaves.json' missing model for variant: 'colorfulazaleas:roze_blooming_azalea_leaves#distance=3,persistent=true,waterlogged=true'
[03:33:05] [Worker-Main-10/WARN] (Minecraft) Exception loading blockstate definition: 'colorfulazaleas:blockstates/roze_blooming_azalea_leaves.json' missing model for variant: 'colorfulazaleas:roze_blooming_azalea_leaves#distance=1,persistent=true,waterlogged=false'
[03:33:05] [Worker-Main-10/WARN] (Minecraft) Exception loading blockstate definition: 'colorfulazaleas:blockstates/roze_blooming_azalea_leaves.json' missing model for variant: 'colorfulazaleas:roze_blooming_azalea_leaves#distance=2,persistent=true,waterlogged=true'
[03:33:05] [Worker-Main-10/WARN] (Minecraft) Exception loading blockstate definition: 'colorfulazaleas:blockstates/roze_blooming_azalea_leaves.json' missing model for variant: 'colorfulazaleas:roze_blooming_azalea_leaves#distance=5,persistent=true,waterlogged=true'
[03:33:05] [Worker-Main-10/WARN] (Minecraft) Exception loading blockstate definition: 'colorfulazaleas:blockstates/roze_blooming_azalea_leaves.json' missing model for variant: 'colorfulazaleas:roze_blooming_azalea_leaves#distance=4,persistent=true,waterlogged=true'
[03:33:05] [Worker-Main-10/WARN] (Minecraft) Exception loading blockstate definition: 'colorfulazaleas:blockstates/roze_blooming_azalea_leaves.json' missing model for variant: 'colorfulazaleas:roze_blooming_azalea_leaves#distance=6,persistent=true,waterlogged=false'
[03:33:05] [Worker-Main-10/WARN] (Minecraft) Exception loading blockstate definition: 'colorfulazaleas:blockstates/roze_blooming_azalea_leaves.json' missing model for variant: 'colorfulazaleas:roze_blooming_azalea_leaves#distance=1,persistent=true,waterlogged=true'
[03:33:05] [Worker-Main-10/WARN] (Minecraft) Exception loading blockstate definition: 'colorfulazaleas:blockstates/roze_blooming_azalea_leaves.json' missing model for variant: 'colorfulazaleas:roze_blooming_azalea_leaves#distance=4,persistent=false,waterlogged=true'
[03:33:05] [Worker-Main-10/WARN] (Minecraft) Exception loading blockstate definition: 'colorfulazaleas:blockstates/roze_blooming_azalea_leaves.json' missing model for variant: 'colorfulazaleas:roze_blooming_azalea_leaves#distance=2,persistent=false,waterlogged=true'
[03:33:05] [Worker-Main-10/WARN] (Minecraft) Exception loading blockstate definition: 'colorfulazaleas:blockstates/roze_blooming_azalea_leaves.json' missing model for variant: 'colorfulazaleas:roze_blooming_azalea_leaves#distance=2,persistent=true,waterlogged=false'
[03:33:05] [Worker-Main-10/WARN] (Minecraft) Exception loading blockstate definition: 'colorfulazaleas:blockstates/roze_blooming_azalea_leaves.json' missing model for variant: 'colorfulazaleas:roze_blooming_azalea_leaves#distance=5,persistent=false,waterlogged=false'
[03:33:05] [Worker-Main-10/WARN] (Minecraft) Exception loading blockstate definition: 'colorfulazaleas:blockstates/roze_blooming_azalea_leaves.json' missing model for variant: 'colorfulazaleas:roze_blooming_azalea_leaves#distance=3,persistent=false,waterlogged=false'
[03:33:05] [Worker-Main-10/WARN] (Minecraft) Exception loading blockstate definition: 'colorfulazaleas:blockstates/roze_blooming_azalea_leaves.json' missing model for variant: 'colorfulazaleas:roze_blooming_azalea_leaves#distance=7,persistent=false,waterlogged=true'
[03:33:05] [Worker-Main-10/WARN] (Minecraft) Exception loading blockstate definition: 'colorfulazaleas:blockstates/roze_blooming_azalea_leaves.json' missing model for variant: 'colorfulazaleas:roze_blooming_azalea_leaves#distance=1,persistent=false,waterlogged=false'
[03:33:05] [Worker-Main-10/WARN] (Minecraft) Exception loading blockstate definition: 'colorfulazaleas:blockstates/roze_blooming_azalea_leaves.json' missing model for variant: 'colorfulazaleas:roze_blooming_azalea_leaves#distance=7,persistent=true,waterlogged=false'
[03:33:05] [Worker-Main-10/WARN] (Minecraft) Exception loading blockstate definition: 'colorfulazaleas:blockstates/roze_blooming_azalea_leaves.json' missing model for variant: 'colorfulazaleas:roze_blooming_azalea_leaves#distance=3,persistent=false,waterlogged=true'
[03:33:05] [Worker-Main-10/WARN] (Minecraft) Exception loading blockstate definition: 'colorfulazaleas:blockstates/roze_blooming_azalea_leaves.json' missing model for variant: 'colorfulazaleas:roze_blooming_azalea_leaves#distance=5,persistent=false,waterlogged=true'
[03:33:05] [Worker-Main-10/WARN] (Minecraft) Exception loading blockstate definition: 'colorfulazaleas:blockstates/roze_blooming_azalea_leaves.json' missing model for variant: 'colorfulazaleas:roze_blooming_azalea_leaves#distance=5,persistent=true,waterlogged=false'
[03:33:05] [Worker-Main-10/WARN] (Minecraft) Exception loading blockstate definition: 'colorfulazaleas:blockstates/roze_blooming_azalea_leaves.json' missing model for variant: 'colorfulazaleas:roze_blooming_azalea_leaves#distance=7,persistent=false,waterlogged=false'
[03:33:05] [Worker-Main-10/WARN] (Minecraft) Exception loading blockstate definition: 'colorfulazaleas:blockstates/roze_drooping_azalea_leaves.json' missing model for variant: 'colorfulazaleas:roze_drooping_azalea_leaves#extended=false'
[03:33:05] [Worker-Main-10/WARN] (Minecraft) Exception loading blockstate definition: 'colorfulazaleas:blockstates/roze_drooping_azalea_leaves.json' missing model for variant: 'colorfulazaleas:roze_drooping_azalea_leaves#extended=true'
[03:33:05] [Worker-Main-10/WARN] (Minecraft) Exception loading blockstate definition: 'colorfulazaleas:blockstates/roze_azalea_sapling.json' missing model for variant: 'colorfulazaleas:roze_azalea_sapling#stage=1'
[03:33:05] [Worker-Main-10/WARN] (Minecraft) Exception loading blockstate definition: 'colorfulazaleas:blockstates/roze_azalea_sapling.json' missing model for variant: 'colorfulazaleas:roze_azalea_sapling#stage=0'
[03:33:05] [Worker-Main-10/WARN] (Minecraft) Exception loading blockstate definition: 'colorfulazaleas:blockstates/potted_roze_azalea_sapling.json' missing model for variant: 'colorfulazaleas:potted_roze_azalea_sapling#'
[03:33:05] [Worker-Main-10/WARN] (Minecraft) Exception loading blockstate definition: 'colorfulazaleas:blockstates/azule_azalea_leaves.json' missing model for variant: 'colorfulazaleas:azule_azalea_leaves#distance=6,persistent=false,waterlogged=true'
[03:33:05] [Worker-Main-10/WARN] (Minecraft) Exception loading blockstate definition: 'colorfulazaleas:blockstates/azule_azalea_leaves.json' missing model for variant: 'colorfulazaleas:azule_azalea_leaves#distance=6,persistent=true,waterlogged=false'
[03:33:05] [Worker-Main-10/WARN] (Minecraft) Exception loading blockstate definition: 'colorfulazaleas:blockstates/azule_azalea_leaves.json' missing model for variant: 'colorfulazaleas:azule_azalea_leaves#distance=7,persistent=true,waterlogged=true'
[03:33:05] [Worker-Main-10/WARN] (Minecraft) Exception loading blockstate definition: 'colorfulazaleas:blockstates/azule_azalea_leaves.json' missing model for variant: 'colorfulazaleas:azule_azalea_leaves#distance=6,persistent=false,waterlogged=false'
[03:33:05] [Worker-Main-10/WARN] (Minecraft) Exception loading blockstate definition: 'colorfulazaleas:blockstates/azule_azalea_leaves.json' missing model for variant: 'colorfulazaleas:azule_azalea_leaves#distance=3,persistent=true,waterlogged=false'
[03:33:05] [Worker-Main-10/WARN] (Minecraft) Exception loading blockstate definition: 'colorfulazaleas:blockstates/azule_azalea_leaves.json' missing model for variant: 'colorfulazaleas:azule_azalea_leaves#distance=3,persistent=false,waterlogged=true'
[03:33:05] [Worker-Main-10/WARN] (Minecraft) Exception loading blockstate definition: 'colorfulazaleas:blockstates/azule_azalea_leaves.json' missing model for variant: 'colorfulazaleas:azule_azalea_leaves#distance=2,persistent=false,waterlogged=false'
[03:33:05] [Worker-Main-10/WARN] (Minecraft) Exception loading blockstate definition: 'colorfulazaleas:blockstates/azule_azalea_leaves.json' missing model for variant: 'colorfulazaleas:azule_azalea_leaves#distance=4,persistent=false,waterlogged=false'
[03:33:05] [Worker-Main-10/WARN] (Minecraft) Exception loading blockstate definition: 'colorfulazaleas:blockstates/azule_azalea_leaves.json' missing model for variant: 'colorfulazaleas:azule_azalea_leaves#distance=4,persistent=true,waterlogged=false'
[03:33:05] [Worker-Main-10/WARN] (Minecraft) Exception loading blockstate definition: 'colorfulazaleas:blockstates/azule_azalea_leaves.json' missing model for variant: 'colorfulazaleas:azule_azalea_leaves#distance=4,persistent=false,waterlogged=true'
[03:33:05] [Worker-Main-10/WARN] (Minecraft) Exception loading blockstate definition: 'colorfulazaleas:blockstates/azule_azalea_leaves.json' missing model for variant: 'colorfulazaleas:azule_azalea_leaves#distance=1,persistent=false,waterlogged=true'
[03:33:05] [Worker-Main-10/WARN] (Minecraft) Exception loading blockstate definition: 'colorfulazaleas:blockstates/azule_azalea_leaves.json' missing model for variant: 'colorfulazaleas:azule_azalea_leaves#distance=1,persistent=true,waterlogged=false'
[03:33:05] [Worker-Main-10/WARN] (Minecraft) Exception loading blockstate definition: 'colorfulazaleas:blockstates/azule_azalea_leaves.json' missing model for variant: 'colorfulazaleas:azule_azalea_leaves#distance=2,persistent=true,waterlogged=true'
[03:33:05] [Worker-Main-10/WARN] (Minecraft) Exception loading blockstate definition: 'colorfulazaleas:blockstates/azule_azalea_leaves.json' missing model for variant: 'colorfulazaleas:azule_azalea_leaves#distance=1,persistent=true,waterlogged=true'
[03:33:05] [Worker-Main-10/WARN] (Minecraft) Exception loading blockstate definition: 'colorfulazaleas:blockstates/azule_azalea_leaves.json' missing model for variant: 'colorfulazaleas:azule_azalea_leaves#distance=5,persistent=true,waterlogged=true'
[03:33:05] [Worker-Main-10/WARN] (Minecraft) Exception loading blockstate definition: 'colorfulazaleas:blockstates/azule_azalea_leaves.json' missing model for variant: 'colorfulazaleas:azule_azalea_leaves#distance=6,persistent=true,waterlogged=true'
[03:33:05] [Worker-Main-10/WARN] (Minecraft) Exception loading blockstate definition: 'colorfulazaleas:blockstates/azule_azalea_leaves.json' missing model for variant: 'colorfulazaleas:azule_azalea_leaves#distance=3,persistent=true,waterlogged=true'
[03:33:05] [Worker-Main-10/WARN] (Minecraft) Exception loading blockstate definition: 'colorfulazaleas:blockstates/azule_azalea_leaves.json' missing model for variant: 'colorfulazaleas:azule_azalea_leaves#distance=4,persistent=true,waterlogged=true'
[03:33:05] [Worker-Main-10/WARN] (Minecraft) Exception loading blockstate definition: 'colorfulazaleas:blockstates/azule_azalea_leaves.json' missing model for variant: 'colorfulazaleas:azule_azalea_leaves#distance=2,persistent=true,waterlogged=false'
[03:33:05] [Worker-Main-10/WARN] (Minecraft) Exception loading blockstate definition: 'colorfulazaleas:blockstates/azule_azalea_leaves.json' missing model for variant: 'colorfulazaleas:azule_azalea_leaves#distance=5,persistent=false,waterlogged=false'
[03:33:05] [Worker-Main-10/WARN] (Minecraft) Exception loading blockstate definition: 'colorfulazaleas:blockstates/azule_azalea_leaves.json' missing model for variant: 'colorfulazaleas:azule_azalea_leaves#distance=7,persistent=false,waterlogged=false'
[03:33:05] [Worker-Main-10/WARN] (Minecraft) Exception loading blockstate definition: 'colorfulazaleas:blockstates/azule_azalea_leaves.json' missing model for variant: 'colorfulazaleas:azule_azalea_leaves#distance=5,persistent=true,waterlogged=false'
[03:33:05] [Worker-Main-10/WARN] (Minecraft) Exception loading blockstate definition: 'colorfulazaleas:blockstates/azule_azalea_leaves.json' missing model for variant: 'colorfulazaleas:azule_azalea_leaves#distance=7,persistent=false,waterlogged=true'
[03:33:05] [Worker-Main-10/WARN] (Minecraft) Exception loading blockstate definition: 'colorfulazaleas:blockstates/azule_azalea_leaves.json' missing model for variant: 'colorfulazaleas:azule_azalea_leaves#distance=1,persistent=false,waterlogged=false'
[03:33:05] [Worker-Main-10/WARN] (Minecraft) Exception loading blockstate definition: 'colorfulazaleas:blockstates/azule_azalea_leaves.json' missing model for variant: 'colorfulazaleas:azule_azalea_leaves#distance=3,persistent=false,waterlogged=false'
[03:33:05] [Worker-Main-10/WARN] (Minecraft) Exception loading blockstate definition: 'colorfulazaleas:blockstates/azule_azalea_leaves.json' missing model for variant: 'colorfulazaleas:azule_azalea_leaves#distance=2,persistent=false,waterlogged=true'
[03:33:05] [Worker-Main-10/WARN] (Minecraft) Exception loading blockstate definition: 'colorfulazaleas:blockstates/azule_azalea_leaves.json' missing model for variant: 'colorfulazaleas:azule_azalea_leaves#distance=5,persistent=false,waterlogged=true'
[03:33:05] [Worker-Main-10/WARN] (Minecraft) Exception loading blockstate definition: 'colorfulazaleas:blockstates/azule_azalea_leaves.json' missing model for variant: 'colorfulazaleas:azule_azalea_leaves#distance=7,persistent=true,waterlogged=false'
[03:33:05] [Worker-Main-10/WARN] (Minecraft) Exception loading blockstate definition: 'colorfulazaleas:blockstates/azule_flowering_azalea_leaves.json' missing model for variant: 'colorfulazaleas:azule_flowering_azalea_leaves#distance=5,persistent=true,waterlogged=true'
[03:33:05] [Worker-Main-10/WARN] (Minecraft) Exception loading blockstate definition: 'colorfulazaleas:blockstates/azule_flowering_azalea_leaves.json' missing model for variant: 'colorfulazaleas:azule_flowering_azalea_leaves#distance=2,persistent=false,waterlogged=false'
[03:33:05] [Worker-Main-10/WARN] (Minecraft) Exception loading blockstate definition: 'colorfulazaleas:blockstates/azule_flowering_azalea_leaves.json' missing model for variant: 'colorfulazaleas:azule_flowering_azalea_leaves#distance=3,persistent=true,waterlogged=true'
[03:33:05] [Worker-Main-10/WARN] (Minecraft) Exception loading blockstate definition: 'colorfulazaleas:blockstates/azule_flowering_azalea_leaves.json' missing model for variant: 'colorfulazaleas:azule_flowering_azalea_leaves#distance=4,persistent=false,waterlogged=false'
[03:33:05] [Worker-Main-10/WARN] (Minecraft) Exception loading blockstate definition: 'colorfulazaleas:blockstates/azule_flowering_azalea_leaves.json' missing model for variant: 'colorfulazaleas:azule_flowering_azalea_leaves#distance=6,persistent=true,waterlogged=true'
[03:33:05] [Worker-Main-10/WARN] (Minecraft) Exception loading blockstate definition: 'colorfulazaleas:blockstates/azule_flowering_azalea_leaves.json' missing model for variant: 'colorfulazaleas:azule_flowering_azalea_leaves#distance=4,persistent=true,waterlogged=true'
[03:33:05] [Worker-Main-10/WARN] (Minecraft) Exception loading blockstate definition: 'colorfulazaleas:blockstates/azule_flowering_azalea_leaves.json' missing model for variant: 'colorfulazaleas:azule_flowering_azalea_leaves#distance=6,persistent=true,waterlogged=false'
[03:33:05] [Worker-Main-10/WARN] (Minecraft) Exception loading blockstate definition: 'colorfulazaleas:blockstates/azule_flowering_azalea_leaves.json' missing model for variant: 'colorfulazaleas:azule_flowering_azalea_leaves#distance=3,persistent=true,waterlogged=false'
[03:33:05] [Worker-Main-10/WARN] (Minecraft) Exception loading blockstate definition: 'colorfulazaleas:blockstates/azule_flowering_azalea_leaves.json' missing model for variant: 'colorfulazaleas:azule_flowering_azalea_leaves#distance=2,persistent=true,waterlogged=true'
[03:33:05] [Worker-Main-10/WARN] (Minecraft) Exception loading blockstate definition: 'colorfulazaleas:blockstates/azule_flowering_azalea_leaves.json' missing model for variant: 'colorfulazaleas:azule_flowering_azalea_leaves#distance=1,persistent=true,waterlogged=true'
[03:33:05] [Worker-Main-10/WARN] (Minecraft) Exception loading blockstate definition: 'colorfulazaleas:blockstates/azule_flowering_azalea_leaves.json' missing model for variant: 'colorfulazaleas:azule_flowering_azalea_leaves#distance=6,persistent=false,waterlogged=true'
[03:33:05] [Worker-Main-10/WARN] (Minecraft) Exception loading blockstate definition: 'colorfulazaleas:blockstates/azule_flowering_azalea_leaves.json' missing model for variant: 'colorfulazaleas:azule_flowering_azalea_leaves#distance=7,persistent=true,waterlogged=true'
[03:33:05] [Worker-Main-10/WARN] (Minecraft) Exception loading blockstate definition: 'colorfulazaleas:blockstates/azule_flowering_azalea_leaves.json' missing model for variant: 'colorfulazaleas:azule_flowering_azalea_leaves#distance=1,persistent=true,waterlogged=false'
[03:33:05] [Worker-Main-10/WARN] (Minecraft) Exception loading blockstate definition: 'colorfulazaleas:blockstates/azule_flowering_azalea_leaves.json' missing model for variant: 'colorfulazaleas:azule_flowering_azalea_leaves#distance=4,persistent=false,waterlogged=true'
[03:33:05] [Worker-Main-10/WARN] (Minecraft) Exception loading blockstate definition: 'colorfulazaleas:blockstates/azule_flowering_azalea_leaves.json' missing model for variant: 'colorfulazaleas:azule_flowering_azalea_leaves#distance=2,persistent=false,waterlogged=true'
[03:33:05] [Worker-Main-10/WARN] (Minecraft) Exception loading blockstate definition: 'colorfulazaleas:blockstates/azule_flowering_azalea_leaves.json' missing model for variant: 'colorfulazaleas:azule_flowering_azalea_leaves#distance=4,persistent=true,waterlogged=false'
[03:33:05] [Worker-Main-10/WARN] (Minecraft) Exception loading blockstate definition: 'colorfulazaleas:blockstates/azule_flowering_azalea_leaves.json' missing model for variant: 'colorfulazaleas:azule_flowering_azalea_leaves#distance=6,persistent=false,waterlogged=false'
[03:33:05] [Worker-Main-10/WARN] (Minecraft) Exception loading blockstate definition: 'colorfulazaleas:blockstates/azule_flowering_azalea_leaves.json' missing model for variant: 'colorfulazaleas:azule_flowering_azalea_leaves#distance=1,persistent=false,waterlogged=false'
[03:33:05] [Worker-Main-10/WARN] (Minecraft) Exception loading blockstate definition: 'colorfulazaleas:blockstates/azule_flowering_azalea_leaves.json' missing model for variant: 'colorfulazaleas:azule_flowering_azalea_leaves#distance=7,persistent=false,waterlogged=false'
[03:33:05] [Worker-Main-10/WARN] (Minecraft) Exception loading blockstate definition: 'colorfulazaleas:blockstates/azule_flowering_azalea_leaves.json' missing model for variant: 'colorfulazaleas:azule_flowering_azalea_leaves#distance=3,persistent=false,waterlogged=false'
[03:33:05] [Worker-Main-10/WARN] (Minecraft) Exception loading blockstate definition: 'colorfulazaleas:blockstates/azule_flowering_azalea_leaves.json' missing model for variant: 'colorfulazaleas:azule_flowering_azalea_leaves#distance=7,persistent=false,waterlogged=true'
[03:33:05] [Worker-Main-10/WARN] (Minecraft) Exception loading blockstate definition: 'colorfulazaleas:blockstates/azule_flowering_azalea_leaves.json' missing model for variant: 'colorfulazaleas:azule_flowering_azalea_leaves#distance=7,persistent=true,waterlogged=false'
[03:33:05] [Worker-Main-10/WARN] (Minecraft) Exception loading blockstate definition: 'colorfulazaleas:blockstates/azule_flowering_azalea_leaves.json' missing model for variant: 'colorfulazaleas:azule_flowering_azalea_leaves#distance=5,persistent=false,waterlogged=true'
[03:33:05] [Worker-Main-10/WARN] (Minecraft) Exception loading blockstate definition: 'colorfulazaleas:blockstates/azule_flowering_azalea_leaves.json' missing model for variant: 'colorfulazaleas:azule_flowering_azalea_leaves#distance=2,persistent=true,waterlogged=false'
[03:33:05] [Worker-Main-10/WARN] (Minecraft) Exception loading blockstate definition: 'colorfulazaleas:blockstates/azule_flowering_azalea_leaves.json' missing model for variant: 'colorfulazaleas:azule_flowering_azalea_leaves#distance=1,persistent=false,waterlogged=true'
[03:33:05] [Worker-Main-10/WARN] (Minecraft) Exception loading blockstate definition: 'colorfulazaleas:blockstates/azule_flowering_azalea_leaves.json' missing model for variant: 'colorfulazaleas:azule_flowering_azalea_leaves#distance=5,persistent=true,waterlogged=false'
[03:33:05] [Worker-Main-10/WARN] (Minecraft) Exception loading blockstate definition: 'colorfulazaleas:blockstates/azule_flowering_azalea_leaves.json' missing model for variant: 'colorfulazaleas:azule_flowering_azalea_leaves#distance=3,persistent=false,waterlogged=true'
[03:33:05] [Worker-Main-10/WARN] (Minecraft) Exception loading blockstate definition: 'colorfulazaleas:blockstates/azule_flowering_azalea_leaves.json' missing model for variant: 'colorfulazaleas:azule_flowering_azalea_leaves#distance=5,persistent=false,waterlogged=false'
[03:33:05] [Worker-Main-10/WARN] (Minecraft) Exception loading blockstate definition: 'colorfulazaleas:blockstates/azule_blooming_azalea_leaves.json' missing model for variant: 'colorfulazaleas:azule_blooming_azalea_leaves#distance=7,persistent=false,waterlogged=false'
[03:33:05] [Worker-Main-10/WARN] (Minecraft) Exception loading blockstate definition: 'colorfulazaleas:blockstates/azule_blooming_azalea_leaves.json' missing model for variant: 'colorfulazaleas:azule_blooming_azalea_leaves#distance=1,persistent=false,waterlogged=false'
[03:33:05] [Worker-Main-10/WARN] (Minecraft) Exception loading blockstate definition: 'colorfulazaleas:blockstates/azule_blooming_azalea_leaves.json' missing model for variant: 'colorfulazaleas:azule_blooming_azalea_leaves#distance=3,persistent=false,waterlogged=false'
[03:33:05] [Worker-Main-10/WARN] (Minecraft) Exception loading blockstate definition: 'colorfulazaleas:blockstates/azule_blooming_azalea_leaves.json' missing model for variant: 'colorfulazaleas:azule_blooming_azalea_leaves#distance=5,persistent=false,waterlogged=false'
[03:33:05] [Worker-Main-10/WARN] (Minecraft) Exception loading blockstate definition: 'colorfulazaleas:blockstates/azule_blooming_azalea_leaves.json' missing model for variant: 'colorfulazaleas:azule_blooming_azalea_leaves#distance=2,persistent=false,waterlogged=true'
[03:33:05] [Worker-Main-10/WARN] (Minecraft) Exception loading blockstate definition: 'colorfulazaleas:blockstates/azule_blooming_azalea_leaves.json' missing model for variant: 'colorfulazaleas:azule_blooming_azalea_leaves#distance=2,persistent=true,waterlogged=false'
[03:33:05] [Worker-Main-10/WARN] (Minecraft) Exception loading blockstate definition: 'colorfulazaleas:blockstates/azule_blooming_azalea_leaves.json' missing model for variant: 'colorfulazaleas:azule_blooming_azalea_leaves#distance=7,persistent=true,waterlogged=false'
[03:33:05] [Worker-Main-10/WARN] (Minecraft) Exception loading blockstate definition: 'colorfulazaleas:blockstates/azule_blooming_azalea_leaves.json' missing model for variant: 'colorfulazaleas:azule_blooming_azalea_leaves#distance=7,persistent=false,waterlogged=true'
[03:33:05] [Worker-Main-10/WARN] (Minecraft) Exception loading blockstate definition: 'colorfulazaleas:blockstates/azule_blooming_azalea_leaves.json' missing model for variant: 'colorfulazaleas:azule_blooming_azalea_leaves#distance=4,persistent=true,waterlogged=false'
[03:33:05] [Worker-Main-10/WARN] (Minecraft) Exception loading blockstate definition: 'colorfulazaleas:blockstates/azule_blooming_azalea_leaves.json' missing model for variant: 'colorfulazaleas:azule_blooming_azalea_leaves#distance=1,persistent=true,waterlogged=false'
[03:33:05] [Worker-Main-10/WARN] (Minecraft) Exception loading blockstate definition: 'colorfulazaleas:blockstates/azule_blooming_azalea_leaves.json' missing model for variant: 'colorfulazaleas:azule_blooming_azalea_leaves#distance=2,persistent=true,waterlogged=true'
[03:33:05] [Worker-Main-10/WARN] (Minecraft) Exception loading blockstate definition: 'colorfulazaleas:blockstates/azule_blooming_azalea_leaves.json' missing model for variant: 'colorfulazaleas:azule_blooming_azalea_leaves#distance=4,persistent=false,waterlogged=true'
[03:33:05] [Worker-Main-10/WARN] (Minecraft) Exception loading blockstate definition: 'colorfulazaleas:blockstates/azule_blooming_azalea_leaves.json' missing model for variant: 'colorfulazaleas:azule_blooming_azalea_leaves#distance=1,persistent=true,waterlogged=true'
[03:33:05] [Worker-Main-10/WARN] (Minecraft) Exception loading blockstate definition: 'colorfulazaleas:blockstates/azule_blooming_azalea_leaves.json' missing model for variant: 'colorfulazaleas:azule_blooming_azalea_leaves#distance=6,persistent=false,waterlogged=false'
[03:33:05] [Worker-Main-10/WARN] (Minecraft) Exception loading blockstate definition: 'colorfulazaleas:blockstates/azule_blooming_azalea_leaves.json' missing model for variant: 'colorfulazaleas:azule_blooming_azalea_leaves#distance=7,persistent=true,waterlogged=true'
[03:33:05] [Worker-Main-10/WARN] (Minecraft) Exception loading blockstate definition: 'colorfulazaleas:blockstates/azule_blooming_azalea_leaves.json' missing model for variant: 'colorfulazaleas:azule_blooming_azalea_leaves#distance=4,persistent=true,waterlogged=true'
[03:33:05] [Worker-Main-10/WARN] (Minecraft) Exception loading blockstate definition: 'colorfulazaleas:blockstates/azule_blooming_azalea_leaves.json' missing model for variant: 'colorfulazaleas:azule_blooming_azalea_leaves#distance=6,persistent=true,waterlogged=false'
[03:33:05] [Worker-Main-10/WARN] (Minecraft) Exception loading blockstate definition: 'colorfulazaleas:blockstates/azule_blooming_azalea_leaves.json' missing model for variant: 'colorfulazaleas:azule_blooming_azalea_leaves#distance=2,persistent=false,waterlogged=false'
[03:33:05] [Worker-Main-10/WARN] (Minecraft) Exception loading blockstate definition: 'colorfulazaleas:blockstates/azule_blooming_azalea_leaves.json' missing model for variant: 'colorfulazaleas:azule_blooming_azalea_leaves#distance=3,persistent=true,waterlogged=true'
[03:33:05] [Worker-Main-10/WARN] (Minecraft) Exception loading blockstate definition: 'colorfulazaleas:blockstates/azule_blooming_azalea_leaves.json' missing model for variant: 'colorfulazaleas:azule_blooming_azalea_leaves#distance=3,persistent=false,waterlogged=true'
[03:33:05] [Worker-Main-10/WARN] (Minecraft) Exception loading blockstate definition: 'colorfulazaleas:blockstates/azule_blooming_azalea_leaves.json' missing model for variant: 'colorfulazaleas:azule_blooming_azalea_leaves#distance=5,persistent=true,waterlogged=true'
[03:33:05] [Worker-Main-10/WARN] (Minecraft) Exception loading blockstate definition: 'colorfulazaleas:blockstates/azule_blooming_azalea_leaves.json' missing model for variant: 'colorfulazaleas:azule_blooming_azalea_leaves#distance=4,persistent=false,waterlogged=false'
[03:33:05] [Worker-Main-10/WARN] (Minecraft) Exception loading blockstate definition: 'colorfulazaleas:blockstates/azule_blooming_azalea_leaves.json' missing model for variant: 'colorfulazaleas:azule_blooming_azalea_leaves#distance=6,persistent=true,waterlogged=true'
[03:33:05] [Worker-Main-10/WARN] (Minecraft) Exception loading blockstate definition: 'colorfulazaleas:blockstates/azule_blooming_azalea_leaves.json' missing model for variant: 'colorfulazaleas:azule_blooming_azalea_leaves#distance=1,persistent=false,waterlogged=true'
[03:33:05] [Worker-Main-10/WARN] (Minecraft) Exception loading blockstate definition: 'colorfulazaleas:blockstates/azule_blooming_azalea_leaves.json' missing model for variant: 'colorfulazaleas:azule_blooming_azalea_leaves#distance=6,persistent=false,waterlogged=true'
[03:33:05] [Worker-Main-10/WARN] (Minecraft) Exception loading blockstate definition: 'colorfulazaleas:blockstates/azule_blooming_azalea_leaves.json' missing model for variant: 'colorfulazaleas:azule_blooming_azalea_leaves#distance=3,persistent=true,waterlogged=false'
[03:33:05] [Worker-Main-10/WARN] (Minecraft) Exception loading blockstate definition: 'colorfulazaleas:blockstates/azule_blooming_azalea_leaves.json' missing model for variant: 'colorfulazaleas:azule_blooming_azalea_leaves#distance=5,persistent=false,waterlogged=true'
[03:33:05] [Worker-Main-10/WARN] (Minecraft) Exception loading blockstate definition: 'colorfulazaleas:blockstates/azule_blooming_azalea_leaves.json' missing model for variant: 'colorfulazaleas:azule_blooming_azalea_leaves#distance=5,persistent=true,waterlogged=false'
[03:33:05] [Worker-Main-10/WARN] (Minecraft) Exception loading blockstate definition: 'colorfulazaleas:blockstates/azule_drooping_azalea_leaves.json' missing model for variant: 'colorfulazaleas:azule_drooping_azalea_leaves#extended=true'
[03:33:05] [Worker-Main-10/WARN] (Minecraft) Exception loading blockstate definition: 'colorfulazaleas:blockstates/azule_drooping_azalea_leaves.json' missing model for variant: 'colorfulazaleas:azule_drooping_azalea_leaves#extended=false'
[03:33:05] [Worker-Main-10/WARN] (Minecraft) Exception loading blockstate definition: 'colorfulazaleas:blockstates/azule_azalea_sapling.json' missing model for variant: 'colorfulazaleas:azule_azalea_sapling#stage=0'
[03:33:05] [Worker-Main-10/WARN] (Minecraft) Exception loading blockstate definition: 'colorfulazaleas:blockstates/azule_azalea_sapling.json' missing model for variant: 'colorfulazaleas:azule_azalea_sapling#stage=1'
[03:33:05] [Worker-Main-10/WARN] (Minecraft) Exception loading blockstate definition: 'colorfulazaleas:blockstates/potted_azule_azalea_sapling.json' missing model for variant: 'colorfulazaleas:potted_azule_azalea_sapling#'
[03:33:05] [Worker-Main-10/WARN] (Minecraft) Exception loading blockstate definition: 'colorfulazaleas:blockstates/bright_azalea_leaves.json' missing model for variant: 'colorfulazaleas:bright_azalea_leaves#distance=4,persistent=false,waterlogged=true'
[03:33:05] [Worker-Main-10/WARN] (Minecraft) Exception loading blockstate definition: 'colorfulazaleas:blockstates/bright_azalea_leaves.json' missing model for variant: 'colorfulazaleas:bright_azalea_leaves#distance=1,persistent=false,waterlogged=false'
[03:33:05] [Worker-Main-10/WARN] (Minecraft) Exception loading blockstate definition: 'colorfulazaleas:blockstates/bright_azalea_leaves.json' missing model for variant: 'colorfulazaleas:bright_azalea_leaves#distance=3,persistent=false,waterlogged=false'
[03:33:05] [Worker-Main-10/WARN] (Minecraft) Exception loading blockstate definition: 'colorfulazaleas:blockstates/bright_azalea_leaves.json' missing model for variant: 'colorfulazaleas:bright_azalea_leaves#distance=5,persistent=false,waterlogged=false'
[03:33:05] [Worker-Main-10/WARN] (Minecraft) Exception loading blockstate definition: 'colorfulazaleas:blockstates/bright_azalea_leaves.json' missing model for variant: 'colorfulazaleas:bright_azalea_leaves#distance=7,persistent=false,waterlogged=false'
[03:33:05] [Worker-Main-10/WARN] (Minecraft) Exception loading blockstate definition: 'colorfulazaleas:blockstates/bright_azalea_leaves.json' missing model for variant: 'colorfulazaleas:bright_azalea_leaves#distance=4,persistent=true,waterlogged=false'
[03:33:05] [Worker-Main-10/WARN] (Minecraft) Exception loading blockstate definition: 'colorfulazaleas:blockstates/bright_azalea_leaves.json' missing model for variant: 'colorfulazaleas:bright_azalea_leaves#distance=7,persistent=false,waterlogged=true'
[03:33:05] [Worker-Main-10/WARN] (Minecraft) Exception loading blockstate definition: 'colorfulazaleas:blockstates/bright_azalea_leaves.json' missing model for variant: 'colorfulazaleas:bright_azalea_leaves#distance=2,persistent=false,waterlogged=true'
[03:33:05] [Worker-Main-10/WARN] (Minecraft) Exception loading blockstate definition: 'colorfulazaleas:blockstates/bright_azalea_leaves.json' missing model for variant: 'colorfulazaleas:bright_azalea_leaves#distance=5,persistent=true,waterlogged=false'
[03:33:05] [Worker-Main-10/WARN] (Minecraft) Exception loading blockstate definition: 'colorfulazaleas:blockstates/bright_azalea_leaves.json' missing model for variant: 'colorfulazaleas:bright_azalea_leaves#distance=2,persistent=true,waterlogged=false'
[03:33:05] [Worker-Main-10/WARN] (Minecraft) Exception loading blockstate definition: 'colorfulazaleas:blockstates/bright_azalea_leaves.json' missing model for variant: 'colorfulazaleas:bright_azalea_leaves#distance=7,persistent=true,waterlogged=false'
[03:33:05] [Worker-Main-10/WARN] (Minecraft) Exception loading blockstate definition: 'colorfulazaleas:blockstates/bright_azalea_leaves.json' missing model for variant: 'colorfulazaleas:bright_azalea_leaves#distance=5,persistent=false,waterlogged=true'
[03:33:05] [Worker-Main-10/WARN] (Minecraft) Exception loading blockstate definition: 'colorfulazaleas:blockstates/bright_azalea_leaves.json' missing model for variant: 'colorfulazaleas:bright_azalea_leaves#distance=1,persistent=true,waterlogged=true'
[03:33:05] [Worker-Main-10/WARN] (Minecraft) Exception loading blockstate definition: 'colorfulazaleas:blockstates/bright_azalea_leaves.json' missing model for variant: 'colorfulazaleas:bright_azalea_leaves#distance=3,persistent=true,waterlogged=false'
[03:33:05] [Worker-Main-10/WARN] (Minecraft) Exception loading blockstate definition: 'colorfulazaleas:blockstates/bright_azalea_leaves.json' missing model for variant: 'colorfulazaleas:bright_azalea_leaves#distance=2,persistent=false,waterlogged=false'
[03:33:05] [Worker-Main-10/WARN] (Minecraft) Exception loading blockstate definition: 'colorfulazaleas:blockstates/bright_azalea_leaves.json' missing model for variant: 'colorfulazaleas:bright_azalea_leaves#distance=4,persistent=false,waterlogged=false'
[03:33:05] [Worker-Main-10/WARN] (Minecraft) Exception loading blockstate definition: 'colorfulazaleas:blockstates/bright_azalea_leaves.json' missing model for variant: 'colorfulazaleas:bright_azalea_leaves#distance=3,persistent=false,waterlogged=true'
[03:33:05] [Worker-Main-10/WARN] (Minecraft) Exception loading blockstate definition: 'colorfulazaleas:blockstates/bright_azalea_leaves.json' missing model for variant: 'colorfulazaleas:bright_azalea_leaves#distance=6,persistent=false,waterlogged=false'
[03:33:05] [Worker-Main-10/WARN] (Minecraft) Exception loading blockstate definition: 'colorfulazaleas:blockstates/bright_azalea_leaves.json' missing model for variant: 'colorfulazaleas:bright_azalea_leaves#distance=6,persistent=false,waterlogged=true'
[03:33:05] [Worker-Main-10/WARN] (Minecraft) Exception loading blockstate definition: 'colorfulazaleas:blockstates/bright_azalea_leaves.json' missing model for variant: 'colorfulazaleas:bright_azalea_leaves#distance=1,persistent=false,waterlogged=true'
[03:33:05] [Worker-Main-10/WARN] (Minecraft) Exception loading blockstate definition: 'colorfulazaleas:blockstates/bright_azalea_leaves.json' missing model for variant: 'colorfulazaleas:bright_azalea_leaves#distance=6,persistent=true,waterlogged=true'
[03:33:05] [Worker-Main-10/WARN] (Minecraft) Exception loading blockstate definition: 'colorfulazaleas:blockstates/bright_azalea_leaves.json' missing model for variant: 'colorfulazaleas:bright_azalea_leaves#distance=4,persistent=true,waterlogged=true'
[03:33:05] [Worker-Main-10/WARN] (Minecraft) Exception loading blockstate definition: 'colorfulazaleas:blockstates/bright_azalea_leaves.json' missing model for variant: 'colorfulazaleas:bright_azalea_leaves#distance=7,persistent=true,waterlogged=true'
[03:33:05] [Worker-Main-10/WARN] (Minecraft) Exception loading blockstate definition: 'colorfulazaleas:blockstates/bright_azalea_leaves.json' missing model for variant: 'colorfulazaleas:bright_azalea_leaves#distance=3,persistent=true,waterlogged=true'
[03:33:05] [Worker-Main-10/WARN] (Minecraft) Exception loading blockstate definition: 'colorfulazaleas:blockstates/bright_azalea_leaves.json' missing model for variant: 'colorfulazaleas:bright_azalea_leaves#distance=2,persistent=true,waterlogged=true'
[03:33:05] [Worker-Main-10/WARN] (Minecraft) Exception loading blockstate definition: 'colorfulazaleas:blockstates/bright_azalea_leaves.json' missing model for variant: 'colorfulazaleas:bright_azalea_leaves#distance=6,persistent=true,waterlogged=false'
[03:33:05] [Worker-Main-10/WARN] (Minecraft) Exception loading blockstate definition: 'colorfulazaleas:blockstates/bright_azalea_leaves.json' missing model for variant: 'colorfulazaleas:bright_azalea_leaves#distance=1,persistent=true,waterlogged=false'
[03:33:05] [Worker-Main-10/WARN] (Minecraft) Exception loading blockstate definition: 'colorfulazaleas:blockstates/bright_azalea_leaves.json' missing model for variant: 'colorfulazaleas:bright_azalea_leaves#distance=5,persistent=true,waterlogged=true'
[03:33:05] [Worker-Main-10/WARN] (Minecraft) Exception loading blockstate definition: 'colorfulazaleas:blockstates/bright_flowering_azalea_leaves.json' missing model for variant: 'colorfulazaleas:bright_flowering_azalea_leaves#distance=5,persistent=true,waterlogged=false'
[03:33:05] [Worker-Main-10/WARN] (Minecraft) Exception loading blockstate definition: 'colorfulazaleas:blockstates/bright_flowering_azalea_leaves.json' missing model for variant: 'colorfulazaleas:bright_flowering_azalea_leaves#distance=5,persistent=false,waterlogged=true'
[03:33:05] [Worker-Main-10/WARN] (Minecraft) Exception loading blockstate definition: 'colorfulazaleas:blockstates/bright_flowering_azalea_leaves.json' missing model for variant: 'colorfulazaleas:bright_flowering_azalea_leaves#distance=1,persistent=false,waterlogged=false'
[03:33:05] [Worker-Main-10/WARN] (Minecraft) Exception loading blockstate definition: 'colorfulazaleas:blockstates/bright_flowering_azalea_leaves.json' missing model for variant: 'colorfulazaleas:bright_flowering_azalea_leaves#distance=3,persistent=false,waterlogged=false'
[03:33:05] [Worker-Main-10/WARN] (Minecraft) Exception loading blockstate definition: 'colorfulazaleas:blockstates/bright_flowering_azalea_leaves.json' missing model for variant: 'colorfulazaleas:bright_flowering_azalea_leaves#distance=2,persistent=false,waterlogged=true'
[03:33:05] [Worker-Main-10/WARN] (Minecraft) Exception loading blockstate definition: 'colorfulazaleas:blockstates/bright_flowering_azalea_leaves.json' missing model for variant: 'colorfulazaleas:bright_flowering_azalea_leaves#distance=7,persistent=false,waterlogged=true'
[03:33:05] [Worker-Main-10/WARN] (Minecraft) Exception loading blockstate definition: 'colorfulazaleas:blockstates/bright_flowering_azalea_leaves.json' missing model for variant: 'colorfulazaleas:bright_flowering_azalea_leaves#distance=1,persistent=true,waterlogged=true'
[03:33:05] [Worker-Main-10/WARN] (Minecraft) Exception loading blockstate definition: 'colorfulazaleas:blockstates/bright_flowering_azalea_leaves.json' missing model for variant: 'colorfulazaleas:bright_flowering_azalea_leaves#distance=3,persistent=true,waterlogged=false'
[03:33:05] [Worker-Main-10/WARN] (Minecraft) Exception loading blockstate definition: 'colorfulazaleas:blockstates/bright_flowering_azalea_leaves.json' missing model for variant: 'colorfulazaleas:bright_flowering_azalea_leaves#distance=6,persistent=false,waterlogged=false'
[03:33:05] [Worker-Main-10/WARN] (Minecraft) Exception loading blockstate definition: 'colorfulazaleas:blockstates/bright_flowering_azalea_leaves.json' missing model for variant: 'colorfulazaleas:bright_flowering_azalea_leaves#distance=6,persistent=true,waterlogged=false'
[03:33:05] [Worker-Main-10/WARN] (Minecraft) Exception loading blockstate definition: 'colorfulazaleas:blockstates/bright_flowering_azalea_leaves.json' missing model for variant: 'colorfulazaleas:bright_flowering_azalea_leaves#distance=4,persistent=false,waterlogged=true'
[03:33:05] [Worker-Main-10/WARN] (Minecraft) Exception loading blockstate definition: 'colorfulazaleas:blockstates/bright_flowering_azalea_leaves.json' missing model for variant: 'colorfulazaleas:bright_flowering_azalea_leaves#distance=7,persistent=true,waterlogged=true'
[03:33:05] [Worker-Main-10/WARN] (Minecraft) Exception loading blockstate definition: 'colorfulazaleas:blockstates/bright_flowering_azalea_leaves.json' missing model for variant: 'colorfulazaleas:bright_flowering_azalea_leaves#distance=6,persistent=true,waterlogged=true'
[03:33:06] [Worker-Main-10/WARN] (Minecraft) Exception loading blockstate definition: 'colorfulazaleas:blockstates/bright_flowering_azalea_leaves.json' missing model for variant: 'colorfulazaleas:bright_flowering_azalea_leaves#distance=5,persistent=true,waterlogged=true'
[03:33:06] [Worker-Main-10/WARN] (Minecraft) Exception loading blockstate definition: 'colorfulazaleas:blockstates/bright_flowering_azalea_leaves.json' missing model for variant: 'colorfulazaleas:bright_flowering_azalea_leaves#distance=4,persistent=true,waterlogged=true'
[03:33:06] [Worker-Main-10/WARN] (Minecraft) Exception loading blockstate definition: 'colorfulazaleas:blockstates/bright_flowering_azalea_leaves.json' missing model for variant: 'colorfulazaleas:bright_flowering_azalea_leaves#distance=2,persistent=true,waterlogged=true'
[03:33:06] [Worker-Main-10/WARN] (Minecraft) Exception loading blockstate definition: 'colorfulazaleas:blockstates/bright_flowering_azalea_leaves.json' missing model for variant: 'colorfulazaleas:bright_flowering_azalea_leaves#distance=1,persistent=true,waterlogged=false'
[03:33:06] [Worker-Main-10/WARN] (Minecraft) Exception loading blockstate definition: 'colorfulazaleas:blockstates/bright_flowering_azalea_leaves.json' missing model for variant: 'colorfulazaleas:bright_flowering_azalea_leaves#distance=3,persistent=true,waterlogged=true'
[03:33:06] [Worker-Main-10/WARN] (Minecraft) Exception loading blockstate definition: 'colorfulazaleas:blockstates/bright_flowering_azalea_leaves.json' missing model for variant: 'colorfulazaleas:bright_flowering_azalea_leaves#distance=1,persistent=false,waterlogged=true'
[03:33:06] [Worker-Main-10/WARN] (Minecraft) Exception loading blockstate definition: 'colorfulazaleas:blockstates/bright_flowering_azalea_leaves.json' missing model for variant: 'colorfulazaleas:bright_flowering_azalea_leaves#distance=4,persistent=true,waterlogged=false'
[03:33:06] [Worker-Main-10/WARN] (Minecraft) Exception loading blockstate definition: 'colorfulazaleas:blockstates/bright_flowering_azalea_leaves.json' missing model for variant: 'colorfulazaleas:bright_flowering_azalea_leaves#distance=6,persistent=false,waterlogged=true'
[03:33:06] [Worker-Main-10/WARN] (Minecraft) Exception loading blockstate definition: 'colorfulazaleas:blockstates/bright_flowering_azalea_leaves.json' missing model for variant: 'colorfulazaleas:bright_flowering_azalea_leaves#distance=4,persistent=false,waterlogged=false'
[03:33:06] [Worker-Main-10/WARN] (Minecraft) Exception loading blockstate definition: 'colorfulazaleas:blockstates/bright_flowering_azalea_leaves.json' missing model for variant: 'colorfulazaleas:bright_flowering_azalea_leaves#distance=2,persistent=false,waterlogged=false'
[03:33:06] [Worker-Main-10/WARN] (Minecraft) Exception loading blockstate definition: 'colorfulazaleas:blockstates/bright_flowering_azalea_leaves.json' missing model for variant: 'colorfulazaleas:bright_flowering_azalea_leaves#distance=7,persistent=true,waterlogged=false'
[03:33:06] [Worker-Main-10/WARN] (Minecraft) Exception loading blockstate definition: 'colorfulazaleas:blockstates/bright_flowering_azalea_leaves.json' missing model for variant: 'colorfulazaleas:bright_flowering_azalea_leaves#distance=5,persistent=false,waterlogged=false'
[03:33:06] [Worker-Main-10/WARN] (Minecraft) Exception loading blockstate definition: 'colorfulazaleas:blockstates/bright_flowering_azalea_leaves.json' missing model for variant: 'colorfulazaleas:bright_flowering_azalea_leaves#distance=3,persistent=false,waterlogged=true'
[03:33:06] [Worker-Main-10/WARN] (Minecraft) Exception loading blockstate definition: 'colorfulazaleas:blockstates/bright_flowering_azalea_leaves.json' missing model for variant: 'colorfulazaleas:bright_flowering_azalea_leaves#distance=7,persistent=false,waterlogged=false'
[03:33:06] [Worker-Main-10/WARN] (Minecraft) Exception loading blockstate definition: 'colorfulazaleas:blockstates/bright_flowering_azalea_leaves.json' missing model for variant: 'colorfulazaleas:bright_flowering_azalea_leaves#distance=2,persistent=true,waterlogged=false'
[03:33:06] [Worker-Main-10/WARN] (Minecraft) Exception loading blockstate definition: 'colorfulazaleas:blockstates/bright_blooming_azalea_leaves.json' missing model for variant: 'colorfulazaleas:bright_blooming_azalea_leaves#distance=2,persistent=false,waterlogged=false'
[03:33:06] [Worker-Main-10/WARN] (Minecraft) Exception loading blockstate definition: 'colorfulazaleas:blockstates/bright_blooming_azalea_leaves.json' missing model for variant: 'colorfulazaleas:bright_blooming_azalea_leaves#distance=5,persistent=true,waterlogged=true'
[03:33:06] [Worker-Main-10/WARN] (Minecraft) Exception loading blockstate definition: 'colorfulazaleas:blockstates/bright_blooming_azalea_leaves.json' missing model for variant: 'colorfulazaleas:bright_blooming_azalea_leaves#distance=4,persistent=true,waterlogged=true'
[03:33:06] [Worker-Main-10/WARN] (Minecraft) Exception loading blockstate definition: 'colorfulazaleas:blockstates/bright_blooming_azalea_leaves.json' missing model for variant: 'colorfulazaleas:bright_blooming_azalea_leaves#distance=7,persistent=true,waterlogged=true'
[03:33:06] [Worker-Main-10/WARN] (Minecraft) Exception loading blockstate definition: 'colorfulazaleas:blockstates/bright_blooming_azalea_leaves.json' missing model for variant: 'colorfulazaleas:bright_blooming_azalea_leaves#distance=4,persistent=false,waterlogged=false'
[03:33:06] [Worker-Main-10/WARN] (Minecraft) Exception loading blockstate definition: 'colorfulazaleas:blockstates/bright_blooming_azalea_leaves.json' missing model for variant: 'colorfulazaleas:bright_blooming_azalea_leaves#distance=6,persistent=true,waterlogged=true'
[03:33:06] [Worker-Main-10/WARN] (Minecraft) Exception loading blockstate definition: 'colorfulazaleas:blockstates/bright_blooming_azalea_leaves.json' missing model for variant: 'colorfulazaleas:bright_blooming_azalea_leaves#distance=3,persistent=true,waterlogged=false'
[03:33:06] [Worker-Main-10/WARN] (Minecraft) Exception loading blockstate definition: 'colorfulazaleas:blockstates/bright_blooming_azalea_leaves.json' missing model for variant: 'colorfulazaleas:bright_blooming_azalea_leaves#distance=6,persistent=true,waterlogged=false'
[03:33:06] [Worker-Main-10/WARN] (Minecraft) Exception loading blockstate definition: 'colorfulazaleas:blockstates/bright_blooming_azalea_leaves.json' missing model for variant: 'colorfulazaleas:bright_blooming_azalea_leaves#distance=1,persistent=true,waterlogged=true'
[03:33:06] [Worker-Main-10/WARN] (Minecraft) Exception loading blockstate definition: 'colorfulazaleas:blockstates/bright_blooming_azalea_leaves.json' missing model for variant: 'colorfulazaleas:bright_blooming_azalea_leaves#distance=2,persistent=true,waterlogged=true'
[03:33:06] [Worker-Main-10/WARN] (Minecraft) Exception loading blockstate definition: 'colorfulazaleas:blockstates/bright_blooming_azalea_leaves.json' missing model for variant: 'colorfulazaleas:bright_blooming_azalea_leaves#distance=3,persistent=true,waterlogged=true'
[03:33:06] [Worker-Main-10/WARN] (Minecraft) Exception loading blockstate definition: 'colorfulazaleas:blockstates/bright_blooming_azalea_leaves.json' missing model for variant: 'colorfulazaleas:bright_blooming_azalea_leaves#distance=3,persistent=false,waterlogged=true'
[03:33:06] [Worker-Main-10/WARN] (Minecraft) Exception loading blockstate definition: 'colorfulazaleas:blockstates/bright_blooming_azalea_leaves.json' missing model for variant: 'colorfulazaleas:bright_blooming_azalea_leaves#distance=6,persistent=false,waterlogged=false'
[03:33:06] [Worker-Main-10/WARN] (Minecraft) Exception loading blockstate definition: 'colorfulazaleas:blockstates/bright_blooming_azalea_leaves.json' missing model for variant: 'colorfulazaleas:bright_blooming_azalea_leaves#distance=5,persistent=false,waterlogged=true'
[03:33:06] [Worker-Main-10/WARN] (Minecraft) Exception loading blockstate definition: 'colorfulazaleas:blockstates/bright_blooming_azalea_leaves.json' missing model for variant: 'colorfulazaleas:bright_blooming_azalea_leaves#distance=4,persistent=true,waterlogged=false'
[03:33:06] [Worker-Main-10/WARN] (Minecraft) Exception loading blockstate definition: 'colorfulazaleas:blockstates/bright_blooming_azalea_leaves.json' missing model for variant: 'colorfulazaleas:bright_blooming_azalea_leaves#distance=2,persistent=true,waterlogged=false'
[03:33:06] [Worker-Main-10/WARN] (Minecraft) Exception loading blockstate definition: 'colorfulazaleas:blockstates/bright_blooming_azalea_leaves.json' missing model for variant: 'colorfulazaleas:bright_blooming_azalea_leaves#distance=7,persistent=true,waterlogged=false'
[03:33:06] [Worker-Main-10/WARN] (Minecraft) Exception loading blockstate definition: 'colorfulazaleas:blockstates/bright_blooming_azalea_leaves.json' missing model for variant: 'colorfulazaleas:bright_blooming_azalea_leaves#distance=1,persistent=false,waterlogged=false'
[03:33:06] [Worker-Main-10/WARN] (Minecraft) Exception loading blockstate definition: 'colorfulazaleas:blockstates/bright_blooming_azalea_leaves.json' missing model for variant: 'colorfulazaleas:bright_blooming_azalea_leaves#distance=3,persistent=false,waterlogged=false'
[03:33:06] [Worker-Main-10/WARN] (Minecraft) Exception loading blockstate definition: 'colorfulazaleas:blockstates/bright_blooming_azalea_leaves.json' missing model for variant: 'colorfulazaleas:bright_blooming_azalea_leaves#distance=5,persistent=false,waterlogged=false'
[03:33:06] [Worker-Main-10/WARN] (Minecraft) Exception loading blockstate definition: 'colorfulazaleas:blockstates/bright_blooming_azalea_leaves.json' missing model for variant: 'colorfulazaleas:bright_blooming_azalea_leaves#distance=2,persistent=false,waterlogged=true'
[03:33:06] [Worker-Main-10/WARN] (Minecraft) Exception loading blockstate definition: 'colorfulazaleas:blockstates/bright_blooming_azalea_leaves.json' missing model for variant: 'colorfulazaleas:bright_blooming_azalea_leaves#distance=7,persistent=false,waterlogged=true'
[03:33:06] [Worker-Main-10/WARN] (Minecraft) Exception loading blockstate definition: 'colorfulazaleas:blockstates/bright_blooming_azalea_leaves.json' missing model for variant: 'colorfulazaleas:bright_blooming_azalea_leaves#distance=5,persistent=true,waterlogged=false'
[03:33:06] [Worker-Main-10/WARN] (Minecraft) Exception loading blockstate definition: 'colorfulazaleas:blockstates/bright_blooming_azalea_leaves.json' missing model for variant: 'colorfulazaleas:bright_blooming_azalea_leaves#distance=7,persistent=false,waterlogged=false'
[03:33:06] [Worker-Main-10/WARN] (Minecraft) Exception loading blockstate definition: 'colorfulazaleas:blockstates/bright_blooming_azalea_leaves.json' missing model for variant: 'colorfulazaleas:bright_blooming_azalea_leaves#distance=1,persistent=false,waterlogged=true'
[03:33:06] [Worker-Main-10/WARN] (Minecraft) Exception loading blockstate definition: 'colorfulazaleas:blockstates/bright_blooming_azalea_leaves.json' missing model for variant: 'colorfulazaleas:bright_blooming_azalea_leaves#distance=4,persistent=false,waterlogged=true'
[03:33:06] [Worker-Main-10/WARN] (Minecraft) Exception loading blockstate definition: 'colorfulazaleas:blockstates/bright_blooming_azalea_leaves.json' missing model for variant: 'colorfulazaleas:bright_blooming_azalea_leaves#distance=1,persistent=true,waterlogged=false'
[03:33:06] [Worker-Main-10/WARN] (Minecraft) Exception loading blockstate definition: 'colorfulazaleas:blockstates/bright_blooming_azalea_leaves.json' missing model for variant: 'colorfulazaleas:bright_blooming_azalea_leaves#distance=6,persistent=false,waterlogged=true'
[03:33:06] [Worker-Main-10/WARN] (Minecraft) Exception loading blockstate definition: 'colorfulazaleas:blockstates/bright_drooping_azalea_leaves.json' missing model for variant: 'colorfulazaleas:bright_drooping_azalea_leaves#extended=true'
[03:33:06] [Worker-Main-10/WARN] (Minecraft) Exception loading blockstate definition: 'colorfulazaleas:blockstates/bright_drooping_azalea_leaves.json' missing model for variant: 'colorfulazaleas:bright_drooping_azalea_leaves#extended=false'
[03:33:06] [Worker-Main-10/WARN] (Minecraft) Exception loading blockstate definition: 'colorfulazaleas:blockstates/bright_azalea_sapling.json' missing model for variant: 'colorfulazaleas:bright_azalea_sapling#stage=0'
[03:33:06] [Worker-Main-10/WARN] (Minecraft) Exception loading blockstate definition: 'colorfulazaleas:blockstates/bright_azalea_sapling.json' missing model for variant: 'colorfulazaleas:bright_azalea_sapling#stage=1'
[03:33:06] [Worker-Main-10/WARN] (Minecraft) Exception loading blockstate definition: 'colorfulazaleas:blockstates/potted_bright_azalea_sapling.json' missing model for variant: 'colorfulazaleas:potted_bright_azalea_sapling#'
[03:33:06] [Worker-Main-10/WARN] (Minecraft) Exception loading blockstate definition: 'colorfulazaleas:blockstates/walnut_azalea_leaves.json' missing model for variant: 'colorfulazaleas:walnut_azalea_leaves#distance=1,persistent=false,waterlogged=false'
[03:33:06] [Worker-Main-10/WARN] (Minecraft) Exception loading blockstate definition: 'colorfulazaleas:blockstates/walnut_azalea_leaves.json' missing model for variant: 'colorfulazaleas:walnut_azalea_leaves#distance=7,persistent=false,waterlogged=true'
[03:33:06] [Worker-Main-10/WARN] (Minecraft) Exception loading blockstate definition: 'colorfulazaleas:blockstates/walnut_azalea_leaves.json' missing model for variant: 'colorfulazaleas:walnut_azalea_leaves#distance=3,persistent=false,waterlogged=false'
[03:33:06] [Worker-Main-10/WARN] (Minecraft) Exception loading blockstate definition: 'colorfulazaleas:blockstates/walnut_azalea_leaves.json' missing model for variant: 'colorfulazaleas:walnut_azalea_leaves#distance=5,persistent=false,waterlogged=false'
[03:33:06] [Worker-Main-10/WARN] (Minecraft) Exception loading blockstate definition: 'colorfulazaleas:blockstates/walnut_azalea_leaves.json' missing model for variant: 'colorfulazaleas:walnut_azalea_leaves#distance=7,persistent=true,waterlogged=false'
[03:33:06] [Worker-Main-10/WARN] (Minecraft) Exception loading blockstate definition: 'colorfulazaleas:blockstates/walnut_azalea_leaves.json' missing model for variant: 'colorfulazaleas:walnut_azalea_leaves#distance=2,persistent=false,waterlogged=true'
[03:33:06] [Worker-Main-10/WARN] (Minecraft) Exception loading blockstate definition: 'colorfulazaleas:blockstates/walnut_azalea_leaves.json' missing model for variant: 'colorfulazaleas:walnut_azalea_leaves#distance=2,persistent=true,waterlogged=false'
[03:33:06] [Worker-Main-10/WARN] (Minecraft) Exception loading blockstate definition: 'colorfulazaleas:blockstates/walnut_azalea_leaves.json' missing model for variant: 'colorfulazaleas:walnut_azalea_leaves#distance=1,persistent=false,waterlogged=true'
[03:33:06] [Worker-Main-10/WARN] (Minecraft) Exception loading blockstate definition: 'colorfulazaleas:blockstates/walnut_azalea_leaves.json' missing model for variant: 'colorfulazaleas:walnut_azalea_leaves#distance=1,persistent=true,waterlogged=false'
[03:33:06] [Worker-Main-10/WARN] (Minecraft) Exception loading blockstate definition: 'colorfulazaleas:blockstates/walnut_azalea_leaves.json' missing model for variant: 'colorfulazaleas:walnut_azalea_leaves#distance=4,persistent=true,waterlogged=false'
[03:33:06] [Worker-Main-10/WARN] (Minecraft) Exception loading blockstate definition: 'colorfulazaleas:blockstates/walnut_azalea_leaves.json' missing model for variant: 'colorfulazaleas:walnut_azalea_leaves#distance=4,persistent=false,waterlogged=true'
[03:33:06] [Worker-Main-10/WARN] (Minecraft) Exception loading blockstate definition: 'colorfulazaleas:blockstates/walnut_azalea_leaves.json' missing model for variant: 'colorfulazaleas:walnut_azalea_leaves#distance=6,persistent=true,waterlogged=false'
[03:33:06] [Worker-Main-10/WARN] (Minecraft) Exception loading blockstate definition: 'colorfulazaleas:blockstates/walnut_azalea_leaves.json' missing model for variant: 'colorfulazaleas:walnut_azalea_leaves#distance=2,persistent=true,waterlogged=true'
[03:33:06] [Worker-Main-10/WARN] (Minecraft) Exception loading blockstate definition: 'colorfulazaleas:blockstates/walnut_azalea_leaves.json' missing model for variant: 'colorfulazaleas:walnut_azalea_leaves#distance=3,persistent=true,waterlogged=true'
[03:33:06] [Worker-Main-10/WARN] (Minecraft) Exception loading blockstate definition: 'colorfulazaleas:blockstates/walnut_azalea_leaves.json' missing model for variant: 'colorfulazaleas:walnut_azalea_leaves#distance=3,persistent=false,waterlogged=true'
[03:33:06] [Worker-Main-10/WARN] (Minecraft) Exception loading blockstate definition: 'colorfulazaleas:blockstates/walnut_azalea_leaves.json' missing model for variant: 'colorfulazaleas:walnut_azalea_leaves#distance=1,persistent=true,waterlogged=true'
[03:33:06] [Worker-Main-10/WARN] (Minecraft) Exception loading blockstate definition: 'colorfulazaleas:blockstates/walnut_azalea_leaves.json' missing model for variant: 'colorfulazaleas:walnut_azalea_leaves#distance=4,persistent=true,waterlogged=true'
[03:33:06] [Worker-Main-10/WARN] (Minecraft) Exception loading blockstate definition: 'colorfulazaleas:blockstates/walnut_azalea_leaves.json' missing model for variant: 'colorfulazaleas:walnut_azalea_leaves#distance=2,persistent=false,waterlogged=false'
[03:33:06] [Worker-Main-10/WARN] (Minecraft) Exception loading blockstate definition: 'colorfulazaleas:blockstates/walnut_azalea_leaves.json' missing model for variant: 'colorfulazaleas:walnut_azalea_leaves#distance=6,persistent=false,waterlogged=false'
[03:33:06] [Worker-Main-10/WARN] (Minecraft) Exception loading blockstate definition: 'colorfulazaleas:blockstates/walnut_azalea_leaves.json' missing model for variant: 'colorfulazaleas:walnut_azalea_leaves#distance=7,persistent=true,waterlogged=true'
[03:33:06] [Worker-Main-10/WARN] (Minecraft) Exception loading blockstate definition: 'colorfulazaleas:blockstates/walnut_azalea_leaves.json' missing model for variant: 'colorfulazaleas:walnut_azalea_leaves#distance=5,persistent=true,waterlogged=true'
[03:33:06] [Worker-Main-10/WARN] (Minecraft) Exception loading blockstate definition: 'colorfulazaleas:blockstates/walnut_azalea_leaves.json' missing model for variant: 'colorfulazaleas:walnut_azalea_leaves#distance=4,persistent=false,waterlogged=false'
[03:33:06] [Worker-Main-10/WARN] (Minecraft) Exception loading blockstate definition: 'colorfulazaleas:blockstates/walnut_azalea_leaves.json' missing model for variant: 'colorfulazaleas:walnut_azalea_leaves#distance=6,persistent=true,waterlogged=true'
[03:33:06] [Worker-Main-10/WARN] (Minecraft) Exception loading blockstate definition: 'colorfulazaleas:blockstates/walnut_azalea_leaves.json' missing model for variant: 'colorfulazaleas:walnut_azalea_leaves#distance=6,persistent=false,waterlogged=true'
[03:33:06] [Worker-Main-10/WARN] (Minecraft) Exception loading blockstate definition: 'colorfulazaleas:blockstates/walnut_azalea_leaves.json' missing model for variant: 'colorfulazaleas:walnut_azalea_leaves#distance=3,persistent=true,waterlogged=false'
[03:33:06] [Worker-Main-10/WARN] (Minecraft) Exception loading blockstate definition: 'colorfulazaleas:blockstates/walnut_azalea_leaves.json' missing model for variant: 'colorfulazaleas:walnut_azalea_leaves#distance=5,persistent=true,waterlogged=false'
[03:33:06] [Worker-Main-10/WARN] (Minecraft) Exception loading blockstate definition: 'colorfulazaleas:blockstates/walnut_azalea_leaves.json' missing model for variant: 'colorfulazaleas:walnut_azalea_leaves#distance=5,persistent=false,waterlogged=true'
[03:33:06] [Worker-Main-10/WARN] (Minecraft) Exception loading blockstate definition: 'colorfulazaleas:blockstates/walnut_azalea_leaves.json' missing model for variant: 'colorfulazaleas:walnut_azalea_leaves#distance=7,persistent=false,waterlogged=false'
[03:33:06] [Worker-Main-10/WARN] (Minecraft) Exception loading blockstate definition: 'colorfulazaleas:blockstates/walnut_flowering_azalea_leaves.json' missing model for variant: 'colorfulazaleas:walnut_flowering_azalea_leaves#distance=3,persistent=true,waterlogged=false'
[03:33:06] [Worker-Main-10/WARN] (Minecraft) Exception loading blockstate definition: 'colorfulazaleas:blockstates/walnut_flowering_azalea_leaves.json' missing model for variant: 'colorfulazaleas:walnut_flowering_azalea_leaves#distance=1,persistent=true,waterlogged=true'
[03:33:06] [Worker-Main-10/WARN] (Minecraft) Exception loading blockstate definition: 'colorfulazaleas:blockstates/walnut_flowering_azalea_leaves.json' missing model for variant: 'colorfulazaleas:walnut_flowering_azalea_leaves#distance=5,persistent=false,waterlogged=true'
[03:33:06] [Worker-Main-10/WARN] (Minecraft) Exception loading blockstate definition: 'colorfulazaleas:blockstates/walnut_flowering_azalea_leaves.json' missing model for variant: 'colorfulazaleas:walnut_flowering_azalea_leaves#distance=2,persistent=true,waterlogged=true'
[03:33:06] [Worker-Main-10/WARN] (Minecraft) Exception loading blockstate definition: 'colorfulazaleas:blockstates/walnut_flowering_azalea_leaves.json' missing model for variant: 'colorfulazaleas:walnut_flowering_azalea_leaves#distance=4,persistent=true,waterlogged=true'
[03:33:06] [Worker-Main-10/WARN] (Minecraft) Exception loading blockstate definition: 'colorfulazaleas:blockstates/walnut_flowering_azalea_leaves.json' missing model for variant: 'colorfulazaleas:walnut_flowering_azalea_leaves#distance=3,persistent=true,waterlogged=true'
[03:33:06] [Worker-Main-10/WARN] (Minecraft) Exception loading blockstate definition: 'colorfulazaleas:blockstates/walnut_flowering_azalea_leaves.json' missing model for variant: 'colorfulazaleas:walnut_flowering_azalea_leaves#distance=6,persistent=true,waterlogged=true'
[03:33:06] [Worker-Main-10/WARN] (Minecraft) Exception loading blockstate definition: 'colorfulazaleas:blockstates/walnut_flowering_azalea_leaves.json' missing model for variant: 'colorfulazaleas:walnut_flowering_azalea_leaves#distance=7,persistent=true,waterlogged=true'
[03:33:06] [Worker-Main-10/WARN] (Minecraft) Exception loading blockstate definition: 'colorfulazaleas:blockstates/walnut_flowering_azalea_leaves.json' missing model for variant: 'colorfulazaleas:walnut_flowering_azalea_leaves#distance=5,persistent=true,waterlogged=true'
[03:33:06] [Worker-Main-10/WARN] (Minecraft) Exception loading blockstate definition: 'colorfulazaleas:blockstates/walnut_flowering_azalea_leaves.json' missing model for variant: 'colorfulazaleas:walnut_flowering_azalea_leaves#distance=6,persistent=false,waterlogged=true'
[03:33:06] [Worker-Main-10/WARN] (Minecraft) Exception loading blockstate definition: 'colorfulazaleas:blockstates/walnut_flowering_azalea_leaves.json' missing model for variant: 'colorfulazaleas:walnut_flowering_azalea_leaves#distance=7,persistent=false,waterlogged=false'
[03:33:06] [Worker-Main-10/WARN] (Minecraft) Exception loading blockstate definition: 'colorfulazaleas:blockstates/walnut_flowering_azalea_leaves.json' missing model for variant: 'colorfulazaleas:walnut_flowering_azalea_leaves#distance=1,persistent=false,waterlogged=false'
[03:33:06] [Worker-Main-10/WARN] (Minecraft) Exception loading blockstate definition: 'colorfulazaleas:blockstates/walnut_flowering_azalea_leaves.json' missing model for variant: 'colorfulazaleas:walnut_flowering_azalea_leaves#distance=3,persistent=false,waterlogged=true'
[03:33:06] [Worker-Main-10/WARN] (Minecraft) Exception loading blockstate definition: 'colorfulazaleas:blockstates/walnut_flowering_azalea_leaves.json' missing model for variant: 'colorfulazaleas:walnut_flowering_azalea_leaves#distance=5,persistent=true,waterlogged=false'
[03:33:06] [Worker-Main-10/WARN] (Minecraft) Exception loading blockstate definition: 'colorfulazaleas:blockstates/walnut_flowering_azalea_leaves.json' missing model for variant: 'colorfulazaleas:walnut_flowering_azalea_leaves#distance=3,persistent=false,waterlogged=false'
[03:33:06] [Worker-Main-10/WARN] (Minecraft) Exception loading blockstate definition: 'colorfulazaleas:blockstates/walnut_flowering_azalea_leaves.json' missing model for variant: 'colorfulazaleas:walnut_flowering_azalea_leaves#distance=5,persistent=false,waterlogged=false'
[03:33:06] [Worker-Main-10/WARN] (Minecraft) Exception loading blockstate definition: 'colorfulazaleas:blockstates/walnut_flowering_azalea_leaves.json' missing model for variant: 'colorfulazaleas:walnut_flowering_azalea_leaves#distance=4,persistent=false,waterlogged=true'
[03:33:06] [Worker-Main-10/WARN] (Minecraft) Exception loading blockstate definition: 'colorfulazaleas:blockstates/walnut_flowering_azalea_leaves.json' missing model for variant: 'colorfulazaleas:walnut_flowering_azalea_leaves#distance=4,persistent=true,waterlogged=false'
[03:33:06] [Worker-Main-10/WARN] (Minecraft) Exception loading blockstate definition: 'colorfulazaleas:blockstates/walnut_flowering_azalea_leaves.json' missing model for variant: 'colorfulazaleas:walnut_flowering_azalea_leaves#distance=1,persistent=true,waterlogged=false'
[03:33:06] [Worker-Main-10/WARN] (Minecraft) Exception loading blockstate definition: 'colorfulazaleas:blockstates/walnut_flowering_azalea_leaves.json' missing model for variant: 'colorfulazaleas:walnut_flowering_azalea_leaves#distance=1,persistent=false,waterlogged=true'
[03:33:06] [Worker-Main-10/WARN] (Minecraft) Exception loading blockstate definition: 'colorfulazaleas:blockstates/walnut_flowering_azalea_leaves.json' missing model for variant: 'colorfulazaleas:walnut_flowering_azalea_leaves#distance=7,persistent=true,waterlogged=false'
[03:33:06] [Worker-Main-10/WARN] (Minecraft) Exception loading blockstate definition: 'colorfulazaleas:blockstates/walnut_flowering_azalea_leaves.json' missing model for variant: 'colorfulazaleas:walnut_flowering_azalea_leaves#distance=2,persistent=true,waterlogged=false'
[03:33:06] [Worker-Main-10/WARN] (Minecraft) Exception loading blockstate definition: 'colorfulazaleas:blockstates/walnut_flowering_azalea_leaves.json' missing model for variant: 'colorfulazaleas:walnut_flowering_azalea_leaves#distance=6,persistent=true,waterlogged=false'
[03:33:06] [Worker-Main-10/WARN] (Minecraft) Exception loading blockstate definition: 'colorfulazaleas:blockstates/walnut_flowering_azalea_leaves.json' missing model for variant: 'colorfulazaleas:walnut_flowering_azalea_leaves#distance=2,persistent=false,waterlogged=true'
[03:33:06] [Worker-Main-10/WARN] (Minecraft) Exception loading blockstate definition: 'colorfulazaleas:blockstates/walnut_flowering_azalea_leaves.json' missing model for variant: 'colorfulazaleas:walnut_flowering_azalea_leaves#distance=7,persistent=false,waterlogged=true'
[03:33:06] [Worker-Main-10/WARN] (Minecraft) Exception loading blockstate definition: 'colorfulazaleas:blockstates/walnut_flowering_azalea_leaves.json' missing model for variant: 'colorfulazaleas:walnut_flowering_azalea_leaves#distance=2,persistent=false,waterlogged=false'
[03:33:06] [Worker-Main-10/WARN] (Minecraft) Exception loading blockstate definition: 'colorfulazaleas:blockstates/walnut_flowering_azalea_leaves.json' missing model for variant: 'colorfulazaleas:walnut_flowering_azalea_leaves#distance=4,persistent=false,waterlogged=false'
[03:33:06] [Worker-Main-10/WARN] (Minecraft) Exception loading blockstate definition: 'colorfulazaleas:blockstates/walnut_flowering_azalea_leaves.json' missing model for variant: 'colorfulazaleas:walnut_flowering_azalea_leaves#distance=6,persistent=false,waterlogged=false'
[03:33:06] [Worker-Main-10/WARN] (Minecraft) Exception loading blockstate definition: 'colorfulazaleas:blockstates/walnut_blooming_azalea_leaves.json' missing model for variant: 'colorfulazaleas:walnut_blooming_azalea_leaves#distance=5,persistent=false,waterlogged=false'
[03:33:06] [Worker-Main-10/WARN] (Minecraft) Exception loading blockstate definition: 'colorfulazaleas:blockstates/walnut_blooming_azalea_leaves.json' missing model for variant: 'colorfulazaleas:walnut_blooming_azalea_leaves#distance=7,persistent=false,waterlogged=false'
[03:33:06] [Worker-Main-10/WARN] (Minecraft) Exception loading blockstate definition: 'colorfulazaleas:blockstates/walnut_blooming_azalea_leaves.json' missing model for variant: 'colorfulazaleas:walnut_blooming_azalea_leaves#distance=1,persistent=false,waterlogged=false'
[03:33:06] [Worker-Main-10/WARN] (Minecraft) Exception loading blockstate definition: 'colorfulazaleas:blockstates/walnut_blooming_azalea_leaves.json' missing model for variant: 'colorfulazaleas:walnut_blooming_azalea_leaves#distance=3,persistent=false,waterlogged=false'
[03:33:06] [Worker-Main-10/WARN] (Minecraft) Exception loading blockstate definition: 'colorfulazaleas:blockstates/walnut_blooming_azalea_leaves.json' missing model for variant: 'colorfulazaleas:walnut_blooming_azalea_leaves#distance=2,persistent=false,waterlogged=true'
[03:33:06] [Worker-Main-10/WARN] (Minecraft) Exception loading blockstate definition: 'colorfulazaleas:blockstates/walnut_blooming_azalea_leaves.json' missing model for variant: 'colorfulazaleas:walnut_blooming_azalea_leaves#distance=7,persistent=false,waterlogged=true'
[03:33:06] [Worker-Main-10/WARN] (Minecraft) Exception loading blockstate definition: 'colorfulazaleas:blockstates/walnut_blooming_azalea_leaves.json' missing model for variant: 'colorfulazaleas:walnut_blooming_azalea_leaves#distance=5,persistent=true,waterlogged=false'
[03:33:06] [Worker-Main-10/WARN] (Minecraft) Exception loading blockstate definition: 'colorfulazaleas:blockstates/walnut_blooming_azalea_leaves.json' missing model for variant: 'colorfulazaleas:walnut_blooming_azalea_leaves#distance=5,persistent=false,waterlogged=true'
[03:33:06] [Worker-Main-10/WARN] (Minecraft) Exception loading blockstate definition: 'colorfulazaleas:blockstates/walnut_blooming_azalea_leaves.json' missing model for variant: 'colorfulazaleas:walnut_blooming_azalea_leaves#distance=4,persistent=true,waterlogged=false'
[03:33:06] [Worker-Main-10/WARN] (Minecraft) Exception loading blockstate definition: 'colorfulazaleas:blockstates/walnut_blooming_azalea_leaves.json' missing model for variant: 'colorfulazaleas:walnut_blooming_azalea_leaves#distance=7,persistent=true,waterlogged=false'
[03:33:06] [Worker-Main-10/WARN] (Minecraft) Exception loading blockstate definition: 'colorfulazaleas:blockstates/walnut_blooming_azalea_leaves.json' missing model for variant: 'colorfulazaleas:walnut_blooming_azalea_leaves#distance=2,persistent=true,waterlogged=false'
[03:33:06] [Worker-Main-10/WARN] (Minecraft) Exception loading blockstate definition: 'colorfulazaleas:blockstates/walnut_blooming_azalea_leaves.json' missing model for variant: 'colorfulazaleas:walnut_blooming_azalea_leaves#distance=4,persistent=false,waterlogged=false'
[03:33:06] [Worker-Main-10/WARN] (Minecraft) Exception loading blockstate definition: 'colorfulazaleas:blockstates/walnut_blooming_azalea_leaves.json' missing model for variant: 'colorfulazaleas:walnut_blooming_azalea_leaves#distance=6,persistent=false,waterlogged=false'
[03:33:06] [Worker-Main-10/WARN] (Minecraft) Exception loading blockstate definition: 'colorfulazaleas:blockstates/walnut_blooming_azalea_leaves.json' missing model for variant: 'colorfulazaleas:walnut_blooming_azalea_leaves#distance=7,persistent=true,waterlogged=true'
[03:33:06] [Worker-Main-10/WARN] (Minecraft) Exception loading blockstate definition: 'colorfulazaleas:blockstates/walnut_blooming_azalea_leaves.json' missing model for variant: 'colorfulazaleas:walnut_blooming_azalea_leaves#distance=5,persistent=true,waterlogged=true'
[03:33:06] [Worker-Main-10/WARN] (Minecraft) Exception loading blockstate definition: 'colorfulazaleas:blockstates/walnut_blooming_azalea_leaves.json' missing model for variant: 'colorfulazaleas:walnut_blooming_azalea_leaves#distance=6,persistent=true,waterlogged=true'
[03:33:06] [Worker-Main-10/WARN] (Minecraft) Exception loading blockstate definition: 'colorfulazaleas:blockstates/walnut_blooming_azalea_leaves.json' missing model for variant: 'colorfulazaleas:walnut_blooming_azalea_leaves#distance=1,persistent=true,waterlogged=true'
[03:33:06] [Worker-Main-10/WARN] (Minecraft) Exception loading blockstate definition: 'colorfulazaleas:blockstates/walnut_blooming_azalea_leaves.json' missing model for variant: 'colorfulazaleas:walnut_blooming_azalea_leaves#distance=2,persistent=true,waterlogged=true'
[03:33:06] [Worker-Main-10/WARN] (Minecraft) Exception loading blockstate definition: 'colorfulazaleas:blockstates/walnut_blooming_azalea_leaves.json' missing model for variant: 'colorfulazaleas:walnut_blooming_azalea_leaves#distance=4,persistent=true,waterlogged=true'
[03:33:06] [Worker-Main-10/WARN] (Minecraft) Exception loading blockstate definition: 'colorfulazaleas:blockstates/walnut_blooming_azalea_leaves.json' missing model for variant: 'colorfulazaleas:walnut_blooming_azalea_leaves#distance=6,persistent=true,waterlogged=false'
[03:33:06] [Worker-Main-10/WARN] (Minecraft) Exception loading blockstate definition: 'colorfulazaleas:blockstates/walnut_blooming_azalea_leaves.json' missing model for variant: 'colorfulazaleas:walnut_blooming_azalea_leaves#distance=2,persistent=false,waterlogged=false'
[03:33:06] [Worker-Main-10/WARN] (Minecraft) Exception loading blockstate definition: 'colorfulazaleas:blockstates/walnut_blooming_azalea_leaves.json' missing model for variant: 'colorfulazaleas:walnut_blooming_azalea_leaves#distance=3,persistent=true,waterlogged=true'
[03:33:06] [Worker-Main-10/WARN] (Minecraft) Exception loading blockstate definition: 'colorfulazaleas:blockstates/walnut_blooming_azalea_leaves.json' missing model for variant: 'colorfulazaleas:walnut_blooming_azalea_leaves#distance=3,persistent=false,waterlogged=true'
[03:33:06] [Worker-Main-10/WARN] (Minecraft) Exception loading blockstate definition: 'colorfulazaleas:blockstates/walnut_blooming_azalea_leaves.json' missing model for variant: 'colorfulazaleas:walnut_blooming_azalea_leaves#distance=1,persistent=true,waterlogged=false'
[03:33:06] [Worker-Main-10/WARN] (Minecraft) Exception loading blockstate definition: 'colorfulazaleas:blockstates/walnut_blooming_azalea_leaves.json' missing model for variant: 'colorfulazaleas:walnut_blooming_azalea_leaves#distance=4,persistent=false,waterlogged=true'
[03:33:06] [Worker-Main-10/WARN] (Minecraft) Exception loading blockstate definition: 'colorfulazaleas:blockstates/walnut_blooming_azalea_leaves.json' missing model for variant: 'colorfulazaleas:walnut_blooming_azalea_leaves#distance=3,persistent=true,waterlogged=false'
[03:33:06] [Worker-Main-10/WARN] (Minecraft) Exception loading blockstate definition: 'colorfulazaleas:blockstates/walnut_blooming_azalea_leaves.json' missing model for variant: 'colorfulazaleas:walnut_blooming_azalea_leaves#distance=1,persistent=false,waterlogged=true'
[03:33:06] [Worker-Main-10/WARN] (Minecraft) Exception loading blockstate definition: 'colorfulazaleas:blockstates/walnut_blooming_azalea_leaves.json' missing model for variant: 'colorfulazaleas:walnut_blooming_azalea_leaves#distance=6,persistent=false,waterlogged=true'
[03:33:06] [Worker-Main-10/WARN] (Minecraft) Exception loading blockstate definition: 'colorfulazaleas:blockstates/walnut_drooping_azalea_leaves.json' missing model for variant: 'colorfulazaleas:walnut_drooping_azalea_leaves#extended=false'
[03:33:06] [Worker-Main-10/WARN] (Minecraft) Exception loading blockstate definition: 'colorfulazaleas:blockstates/walnut_drooping_azalea_leaves.json' missing model for variant: 'colorfulazaleas:walnut_drooping_azalea_leaves#extended=true'
[03:33:06] [Worker-Main-10/WARN] (Minecraft) Exception loading blockstate definition: 'colorfulazaleas:blockstates/walnut_azalea_sapling.json' missing model for variant: 'colorfulazaleas:walnut_azalea_sapling#stage=0'
[03:33:06] [Worker-Main-10/WARN] (Minecraft) Exception loading blockstate definition: 'colorfulazaleas:blockstates/walnut_azalea_sapling.json' missing model for variant: 'colorfulazaleas:walnut_azalea_sapling#stage=1'
[03:33:06] [Worker-Main-10/WARN] (Minecraft) Exception loading blockstate definition: 'colorfulazaleas:blockstates/potted_walnut_azalea_sapling.json' missing model for variant: 'colorfulazaleas:potted_walnut_azalea_sapling#'
[03:33:06] [Worker-Main-10/WARN] (Minecraft) Exception loading blockstate definition: 'colorfulazaleas:blockstates/titanium_azalea_leaves.json' missing model for variant: 'colorfulazaleas:titanium_azalea_leaves#distance=1,persistent=false,waterlogged=true'
[03:33:06] [Worker-Main-10/WARN] (Minecraft) Exception loading blockstate definition: 'colorfulazaleas:blockstates/titanium_azalea_leaves.json' missing model for variant: 'colorfulazaleas:titanium_azalea_leaves#distance=1,persistent=true,waterlogged=false'
[03:33:06] [Worker-Main-10/WARN] (Minecraft) Exception loading blockstate definition: 'colorfulazaleas:blockstates/titanium_azalea_leaves.json' missing model for variant: 'colorfulazaleas:titanium_azalea_leaves#distance=6,persistent=false,waterlogged=true'
[03:33:06] [Worker-Main-10/WARN] (Minecraft) Exception loading blockstate definition: 'colorfulazaleas:blockstates/titanium_azalea_leaves.json' missing model for variant: 'colorfulazaleas:titanium_azalea_leaves#distance=7,persistent=true,waterlogged=true'
[03:33:06] [Worker-Main-10/WARN] (Minecraft) Exception loading blockstate definition: 'colorfulazaleas:blockstates/titanium_azalea_leaves.json' missing model for variant: 'colorfulazaleas:titanium_azalea_leaves#distance=2,persistent=true,waterlogged=true'
[03:33:06] [Worker-Main-10/WARN] (Minecraft) Exception loading blockstate definition: 'colorfulazaleas:blockstates/titanium_azalea_leaves.json' missing model for variant: 'colorfulazaleas:titanium_azalea_leaves#distance=1,persistent=true,waterlogged=true'
[03:33:06] [Worker-Main-10/WARN] (Minecraft) Exception loading blockstate definition: 'colorfulazaleas:blockstates/titanium_azalea_leaves.json' missing model for variant: 'colorfulazaleas:titanium_azalea_leaves#distance=5,persistent=true,waterlogged=true'
[03:33:06] [Worker-Main-10/WARN] (Minecraft) Exception loading blockstate definition: 'colorfulazaleas:blockstates/titanium_azalea_leaves.json' missing model for variant: 'colorfulazaleas:titanium_azalea_leaves#distance=4,persistent=false,waterlogged=false'
[03:33:06] [Worker-Main-10/WARN] (Minecraft) Exception loading blockstate definition: 'colorfulazaleas:blockstates/titanium_azalea_leaves.json' missing model for variant: 'colorfulazaleas:titanium_azalea_leaves#distance=6,persistent=true,waterlogged=true'
[03:33:06] [Worker-Main-10/WARN] (Minecraft) Exception loading blockstate definition: 'colorfulazaleas:blockstates/titanium_azalea_leaves.json' missing model for variant: 'colorfulazaleas:titanium_azalea_leaves#distance=4,persistent=true,waterlogged=true'
[03:33:06] [Worker-Main-10/WARN] (Minecraft) Exception loading blockstate definition: 'colorfulazaleas:blockstates/titanium_azalea_leaves.json' missing model for variant: 'colorfulazaleas:titanium_azalea_leaves#distance=6,persistent=true,waterlogged=false'
[03:33:06] [Worker-Main-10/WARN] (Minecraft) Exception loading blockstate definition: 'colorfulazaleas:blockstates/titanium_azalea_leaves.json' missing model for variant: 'colorfulazaleas:titanium_azalea_leaves#distance=2,persistent=false,waterlogged=false'
[03:33:06] [Worker-Main-10/WARN] (Minecraft) Exception loading blockstate definition: 'colorfulazaleas:blockstates/titanium_azalea_leaves.json' missing model for variant: 'colorfulazaleas:titanium_azalea_leaves#distance=3,persistent=true,waterlogged=true'
[03:33:06] [Worker-Main-10/WARN] (Minecraft) Exception loading blockstate definition: 'colorfulazaleas:blockstates/titanium_azalea_leaves.json' missing model for variant: 'colorfulazaleas:titanium_azalea_leaves#distance=7,persistent=false,waterlogged=true'
[03:33:06] [Worker-Main-10/WARN] (Minecraft) Exception loading blockstate definition: 'colorfulazaleas:blockstates/titanium_azalea_leaves.json' missing model for variant: 'colorfulazaleas:titanium_azalea_leaves#distance=2,persistent=false,waterlogged=true'
[03:33:06] [Worker-Main-10/WARN] (Minecraft) Exception loading blockstate definition: 'colorfulazaleas:blockstates/titanium_azalea_leaves.json' missing model for variant: 'colorfulazaleas:titanium_azalea_leaves#distance=4,persistent=false,waterlogged=true'
[03:33:06] [Worker-Main-10/WARN] (Minecraft) Exception loading blockstate definition: 'colorfulazaleas:blockstates/titanium_azalea_leaves.json' missing model for variant: 'colorfulazaleas:titanium_azalea_leaves#distance=4,persistent=true,waterlogged=false'
[03:33:06] [Worker-Main-10/WARN] (Minecraft) Exception loading blockstate definition: 'colorfulazaleas:blockstates/titanium_azalea_leaves.json' missing model for variant: 'colorfulazaleas:titanium_azalea_leaves#distance=6,persistent=false,waterlogged=false'
[03:33:06] [Worker-Main-10/WARN] (Minecraft) Exception loading blockstate definition: 'colorfulazaleas:blockstates/titanium_azalea_leaves.json' missing model for variant: 'colorfulazaleas:titanium_azalea_leaves#distance=5,persistent=false,waterlogged=true'
[03:33:06] [Worker-Main-10/WARN] (Minecraft) Exception loading blockstate definition: 'colorfulazaleas:blockstates/titanium_azalea_leaves.json' missing model for variant: 'colorfulazaleas:titanium_azalea_leaves#distance=2,persistent=true,waterlogged=false'
[03:33:06] [Worker-Main-10/WARN] (Minecraft) Exception loading blockstate definition: 'colorfulazaleas:blockstates/titanium_azalea_leaves.json' missing model for variant: 'colorfulazaleas:titanium_azalea_leaves#distance=3,persistent=false,waterlogged=true'
[03:33:06] [Worker-Main-10/WARN] (Minecraft) Exception loading blockstate definition: 'colorfulazaleas:blockstates/titanium_azalea_leaves.json' missing model for variant: 'colorfulazaleas:titanium_azalea_leaves#distance=7,persistent=true,waterlogged=false'
[03:33:06] [Worker-Main-10/WARN] (Minecraft) Exception loading blockstate definition: 'colorfulazaleas:blockstates/titanium_azalea_leaves.json' missing model for variant: 'colorfulazaleas:titanium_azalea_leaves#distance=3,persistent=true,waterlogged=false'
[03:33:06] [Worker-Main-10/WARN] (Minecraft) Exception loading blockstate definition: 'colorfulazaleas:blockstates/titanium_azalea_leaves.json' missing model for variant: 'colorfulazaleas:titanium_azalea_leaves#distance=1,persistent=false,waterlogged=false'
[03:33:06] [Worker-Main-10/WARN] (Minecraft) Exception loading blockstate definition: 'colorfulazaleas:blockstates/titanium_azalea_leaves.json' missing model for variant: 'colorfulazaleas:titanium_azalea_leaves#distance=3,persistent=false,waterlogged=false'
[03:33:06] [Worker-Main-10/WARN] (Minecraft) Exception loading blockstate definition: 'colorfulazaleas:blockstates/titanium_azalea_leaves.json' missing model for variant: 'colorfulazaleas:titanium_azalea_leaves#distance=5,persistent=false,waterlogged=false'
[03:33:06] [Worker-Main-10/WARN] (Minecraft) Exception loading blockstate definition: 'colorfulazaleas:blockstates/titanium_azalea_leaves.json' missing model for variant: 'colorfulazaleas:titanium_azalea_leaves#distance=7,persistent=false,waterlogged=false'
[03:33:06] [Worker-Main-10/WARN] (Minecraft) Exception loading blockstate definition: 'colorfulazaleas:blockstates/titanium_azalea_leaves.json' missing model for variant: 'colorfulazaleas:titanium_azalea_leaves#distance=5,persistent=true,waterlogged=false'
[03:33:06] [Worker-Main-10/WARN] (Minecraft) Exception loading blockstate definition: 'colorfulazaleas:blockstates/titanium_flowering_azalea_leaves.json' missing model for variant: 'colorfulazaleas:titanium_flowering_azalea_leaves#distance=2,persistent=false,waterlogged=false'
[03:33:06] [Worker-Main-10/WARN] (Minecraft) Exception loading blockstate definition: 'colorfulazaleas:blockstates/titanium_flowering_azalea_leaves.json' missing model for variant: 'colorfulazaleas:titanium_flowering_azalea_leaves#distance=4,persistent=false,waterlogged=false'
[03:33:06] [Worker-Main-10/WARN] (Minecraft) Exception loading blockstate definition: 'colorfulazaleas:blockstates/titanium_flowering_azalea_leaves.json' missing model for variant: 'colorfulazaleas:titanium_flowering_azalea_leaves#distance=6,persistent=true,waterlogged=true'
[03:33:06] [Worker-Main-10/WARN] (Minecraft) Exception loading blockstate definition: 'colorfulazaleas:blockstates/titanium_flowering_azalea_leaves.json' missing model for variant: 'colorfulazaleas:titanium_flowering_azalea_leaves#distance=5,persistent=true,waterlogged=true'
[03:33:06] [Worker-Main-10/WARN] (Minecraft) Exception loading blockstate definition: 'colorfulazaleas:blockstates/titanium_flowering_azalea_leaves.json' missing model for variant: 'colorfulazaleas:titanium_flowering_azalea_leaves#distance=6,persistent=false,waterlogged=false'
[03:33:06] [Worker-Main-10/WARN] (Minecraft) Exception loading blockstate definition: 'colorfulazaleas:blockstates/titanium_flowering_azalea_leaves.json' missing model for variant: 'colorfulazaleas:titanium_flowering_azalea_leaves#distance=3,persistent=true,waterlogged=true'
[03:33:06] [Worker-Main-10/WARN] (Minecraft) Exception loading blockstate definition: 'colorfulazaleas:blockstates/titanium_flowering_azalea_leaves.json' missing model for variant: 'colorfulazaleas:titanium_flowering_azalea_leaves#distance=4,persistent=true,waterlogged=true'
[03:33:06] [Worker-Main-10/WARN] (Minecraft) Exception loading blockstate definition: 'colorfulazaleas:blockstates/titanium_flowering_azalea_leaves.json' missing model for variant: 'colorfulazaleas:titanium_flowering_azalea_leaves#distance=1,persistent=true,waterlogged=true'
[03:33:06] [Worker-Main-10/WARN] (Minecraft) Exception loading blockstate definition: 'colorfulazaleas:blockstates/titanium_flowering_azalea_leaves.json' missing model for variant: 'colorfulazaleas:titanium_flowering_azalea_leaves#distance=3,persistent=true,waterlogged=false'
[03:33:06] [Worker-Main-10/WARN] (Minecraft) Exception loading blockstate definition: 'colorfulazaleas:blockstates/titanium_flowering_azalea_leaves.json' missing model for variant: 'colorfulazaleas:titanium_flowering_azalea_leaves#distance=6,persistent=false,waterlogged=true'
[03:33:06] [Worker-Main-10/WARN] (Minecraft) Exception loading blockstate definition: 'colorfulazaleas:blockstates/titanium_flowering_azalea_leaves.json' missing model for variant: 'colorfulazaleas:titanium_flowering_azalea_leaves#distance=2,persistent=true,waterlogged=true'
[03:33:06] [Worker-Main-10/WARN] (Minecraft) Exception loading blockstate definition: 'colorfulazaleas:blockstates/titanium_flowering_azalea_leaves.json' missing model for variant: 'colorfulazaleas:titanium_flowering_azalea_leaves#distance=6,persistent=true,waterlogged=false'
[03:33:06] [Worker-Main-10/WARN] (Minecraft) Exception loading blockstate definition: 'colorfulazaleas:blockstates/titanium_flowering_azalea_leaves.json' missing model for variant: 'colorfulazaleas:titanium_flowering_azalea_leaves#distance=7,persistent=true,waterlogged=true'
[03:33:06] [Worker-Main-10/WARN] (Minecraft) Exception loading blockstate definition: 'colorfulazaleas:blockstates/titanium_flowering_azalea_leaves.json' missing model for variant: 'colorfulazaleas:titanium_flowering_azalea_leaves#distance=1,persistent=true,waterlogged=false'
[03:33:06] [Worker-Main-10/WARN] (Minecraft) Exception loading blockstate definition: 'colorfulazaleas:blockstates/titanium_flowering_azalea_leaves.json' missing model for variant: 'colorfulazaleas:titanium_flowering_azalea_leaves#distance=4,persistent=false,waterlogged=true'
[03:33:06] [Worker-Main-10/WARN] (Minecraft) Exception loading blockstate definition: 'colorfulazaleas:blockstates/titanium_flowering_azalea_leaves.json' missing model for variant: 'colorfulazaleas:titanium_flowering_azalea_leaves#distance=2,persistent=false,waterlogged=true'
[03:33:06] [Worker-Main-10/WARN] (Minecraft) Exception loading blockstate definition: 'colorfulazaleas:blockstates/titanium_flowering_azalea_leaves.json' missing model for variant: 'colorfulazaleas:titanium_flowering_azalea_leaves#distance=4,persistent=true,waterlogged=false'
[03:33:06] [Worker-Main-10/WARN] (Minecraft) Exception loading blockstate definition: 'colorfulazaleas:blockstates/titanium_flowering_azalea_leaves.json' missing model for variant: 'colorfulazaleas:titanium_flowering_azalea_leaves#distance=1,persistent=false,waterlogged=false'
[03:33:06] [Worker-Main-10/WARN] (Minecraft) Exception loading blockstate definition: 'colorfulazaleas:blockstates/titanium_flowering_azalea_leaves.json' missing model for variant: 'colorfulazaleas:titanium_flowering_azalea_leaves#distance=3,persistent=false,waterlogged=false'
[03:33:06] [Worker-Main-10/WARN] (Minecraft) Exception loading blockstate definition: 'colorfulazaleas:blockstates/titanium_flowering_azalea_leaves.json' missing model for variant: 'colorfulazaleas:titanium_flowering_azalea_leaves#distance=7,persistent=false,waterlogged=false'
[03:33:06] [Worker-Main-10/WARN] (Minecraft) Exception loading blockstate definition: 'colorfulazaleas:blockstates/titanium_flowering_azalea_leaves.json' missing model for variant: 'colorfulazaleas:titanium_flowering_azalea_leaves#distance=7,persistent=false,waterlogged=true'
[03:33:06] [Worker-Main-10/WARN] (Minecraft) Exception loading blockstate definition: 'colorfulazaleas:blockstates/titanium_flowering_azalea_leaves.json' missing model for variant: 'colorfulazaleas:titanium_flowering_azalea_leaves#distance=2,persistent=true,waterlogged=false'
[03:33:06] [Worker-Main-10/WARN] (Minecraft) Exception loading blockstate definition: 'colorfulazaleas:blockstates/titanium_flowering_azalea_leaves.json' missing model for variant: 'colorfulazaleas:titanium_flowering_azalea_leaves#distance=5,persistent=false,waterlogged=true'
[03:33:06] [Worker-Main-10/WARN] (Minecraft) Exception loading blockstate definition: 'colorfulazaleas:blockstates/titanium_flowering_azalea_leaves.json' missing model for variant: 'colorfulazaleas:titanium_flowering_azalea_leaves#distance=7,persistent=true,waterlogged=false'
[03:33:06] [Worker-Main-10/WARN] (Minecraft) Exception loading blockstate definition: 'colorfulazaleas:blockstates/titanium_flowering_azalea_leaves.json' missing model for variant: 'colorfulazaleas:titanium_flowering_azalea_leaves#distance=1,persistent=false,waterlogged=true'
[03:33:06] [Worker-Main-10/WARN] (Minecraft) Exception loading blockstate definition: 'colorfulazaleas:blockstates/titanium_flowering_azalea_leaves.json' missing model for variant: 'colorfulazaleas:titanium_flowering_azalea_leaves#distance=5,persistent=true,waterlogged=false'
[03:33:06] [Worker-Main-10/WARN] (Minecraft) Exception loading blockstate definition: 'colorfulazaleas:blockstates/titanium_flowering_azalea_leaves.json' missing model for variant: 'colorfulazaleas:titanium_flowering_azalea_leaves#distance=3,persistent=false,waterlogged=true'
[03:33:06] [Worker-Main-10/WARN] (Minecraft) Exception loading blockstate definition: 'colorfulazaleas:blockstates/titanium_flowering_azalea_leaves.json' missing model for variant: 'colorfulazaleas:titanium_flowering_azalea_leaves#distance=5,persistent=false,waterlogged=false'
[03:33:06] [Worker-Main-10/WARN] (Minecraft) Exception loading blockstate definition: 'colorfulazaleas:blockstates/titanium_blooming_azalea_leaves.json' missing model for variant: 'colorfulazaleas:titanium_blooming_azalea_leaves#distance=7,persistent=false,waterlogged=false'
[03:33:06] [Worker-Main-10/WARN] (Minecraft) Exception loading blockstate definition: 'colorfulazaleas:blockstates/titanium_blooming_azalea_leaves.json' missing model for variant: 'colorfulazaleas:titanium_blooming_azalea_leaves#distance=3,persistent=false,waterlogged=false'
[03:33:06] [Worker-Main-10/WARN] (Minecraft) Exception loading blockstate definition: 'colorfulazaleas:blockstates/titanium_blooming_azalea_leaves.json' missing model for variant: 'colorfulazaleas:titanium_blooming_azalea_leaves#distance=7,persistent=true,waterlogged=false'
[03:33:06] [Worker-Main-10/WARN] (Minecraft) Exception loading blockstate definition: 'colorfulazaleas:blockstates/titanium_blooming_azalea_leaves.json' missing model for variant: 'colorfulazaleas:titanium_blooming_azalea_leaves#distance=5,persistent=false,waterlogged=false'
[03:33:06] [Worker-Main-10/WARN] (Minecraft) Exception loading blockstate definition: 'colorfulazaleas:blockstates/titanium_blooming_azalea_leaves.json' missing model for variant: 'colorfulazaleas:titanium_blooming_azalea_leaves#distance=2,persistent=true,waterlogged=false'
[03:33:06] [Worker-Main-10/WARN] (Minecraft) Exception loading blockstate definition: 'colorfulazaleas:blockstates/titanium_blooming_azalea_leaves.json' missing model for variant: 'colorfulazaleas:titanium_blooming_azalea_leaves#distance=2,persistent=false,waterlogged=true'
[03:33:06] [Worker-Main-10/WARN] (Minecraft) Exception loading blockstate definition: 'colorfulazaleas:blockstates/titanium_blooming_azalea_leaves.json' missing model for variant: 'colorfulazaleas:titanium_blooming_azalea_leaves#distance=4,persistent=true,waterlogged=false'
[03:33:06] [Worker-Main-10/WARN] (Minecraft) Exception loading blockstate definition: 'colorfulazaleas:blockstates/titanium_blooming_azalea_leaves.json' missing model for variant: 'colorfulazaleas:titanium_blooming_azalea_leaves#distance=7,persistent=false,waterlogged=true'
[03:33:06] [Worker-Main-10/WARN] (Minecraft) Exception loading blockstate definition: 'colorfulazaleas:blockstates/titanium_blooming_azalea_leaves.json' missing model for variant: 'colorfulazaleas:titanium_blooming_azalea_leaves#distance=1,persistent=false,waterlogged=false'
[03:33:06] [Worker-Main-10/WARN] (Minecraft) Exception loading blockstate definition: 'colorfulazaleas:blockstates/titanium_blooming_azalea_leaves.json' missing model for variant: 'colorfulazaleas:titanium_blooming_azalea_leaves#distance=1,persistent=false,waterlogged=true'
[03:33:06] [Worker-Main-10/WARN] (Minecraft) Exception loading blockstate definition: 'colorfulazaleas:blockstates/titanium_blooming_azalea_leaves.json' missing model for variant: 'colorfulazaleas:titanium_blooming_azalea_leaves#distance=6,persistent=true,waterlogged=false'
[03:33:06] [Worker-Main-10/WARN] (Minecraft) Exception loading blockstate definition: 'colorfulazaleas:blockstates/titanium_blooming_azalea_leaves.json' missing model for variant: 'colorfulazaleas:titanium_blooming_azalea_leaves#distance=1,persistent=true,waterlogged=false'
[03:33:06] [Worker-Main-10/WARN] (Minecraft) Exception loading blockstate definition: 'colorfulazaleas:blockstates/titanium_blooming_azalea_leaves.json' missing model for variant: 'colorfulazaleas:titanium_blooming_azalea_leaves#distance=2,persistent=true,waterlogged=true'
[03:33:06] [Worker-Main-10/WARN] (Minecraft) Exception loading blockstate definition: 'colorfulazaleas:blockstates/titanium_blooming_azalea_leaves.json' missing model for variant: 'colorfulazaleas:titanium_blooming_azalea_leaves#distance=4,persistent=false,waterlogged=true'
[03:33:06] [Worker-Main-10/WARN] (Minecraft) Exception loading blockstate definition: 'colorfulazaleas:blockstates/titanium_blooming_azalea_leaves.json' missing model for variant: 'colorfulazaleas:titanium_blooming_azalea_leaves#distance=1,persistent=true,waterlogged=true'
[03:33:06] [Worker-Main-10/WARN] (Minecraft) Exception loading blockstate definition: 'colorfulazaleas:blockstates/titanium_blooming_azalea_leaves.json' missing model for variant: 'colorfulazaleas:titanium_blooming_azalea_leaves#distance=4,persistent=true,waterlogged=true'
[03:33:06] [Worker-Main-10/WARN] (Minecraft) Exception loading blockstate definition: 'colorfulazaleas:blockstates/titanium_blooming_azalea_leaves.json' missing model for variant: 'colorfulazaleas:titanium_blooming_azalea_leaves#distance=5,persistent=true,waterlogged=true'
[03:33:06] [Worker-Main-10/WARN] (Minecraft) Exception loading blockstate definition: 'colorfulazaleas:blockstates/titanium_blooming_azalea_leaves.json' missing model for variant: 'colorfulazaleas:titanium_blooming_azalea_leaves#distance=2,persistent=false,waterlogged=false'
[03:33:06] [Worker-Main-10/WARN] (Minecraft) Exception loading blockstate definition: 'colorfulazaleas:blockstates/titanium_blooming_azalea_leaves.json' missing model for variant: 'colorfulazaleas:titanium_blooming_azalea_leaves#distance=3,persistent=true,waterlogged=true'
[03:33:06] [Worker-Main-10/WARN] (Minecraft) Exception loading blockstate definition: 'colorfulazaleas:blockstates/titanium_blooming_azalea_leaves.json' missing model for variant: 'colorfulazaleas:titanium_blooming_azalea_leaves#distance=4,persistent=false,waterlogged=false'
[03:33:06] [Worker-Main-10/WARN] (Minecraft) Exception loading blockstate definition: 'colorfulazaleas:blockstates/titanium_blooming_azalea_leaves.json' missing model for variant: 'colorfulazaleas:titanium_blooming_azalea_leaves#distance=6,persistent=true,waterlogged=true'
[03:33:06] [Worker-Main-10/WARN] (Minecraft) Exception loading blockstate definition: 'colorfulazaleas:blockstates/titanium_blooming_azalea_leaves.json' missing model for variant: 'colorfulazaleas:titanium_blooming_azalea_leaves#distance=3,persistent=false,waterlogged=true'
[03:33:06] [Worker-Main-10/WARN] (Minecraft) Exception loading blockstate definition: 'colorfulazaleas:blockstates/titanium_blooming_azalea_leaves.json' missing model for variant: 'colorfulazaleas:titanium_blooming_azalea_leaves#distance=6,persistent=false,waterlogged=false'
[03:33:06] [Worker-Main-10/WARN] (Minecraft) Exception loading blockstate definition: 'colorfulazaleas:blockstates/titanium_blooming_azalea_leaves.json' missing model for variant: 'colorfulazaleas:titanium_blooming_azalea_leaves#distance=7,persistent=true,waterlogged=true'
[03:33:06] [Worker-Main-10/WARN] (Minecraft) Exception loading blockstate definition: 'colorfulazaleas:blockstates/titanium_blooming_azalea_leaves.json' missing model for variant: 'colorfulazaleas:titanium_blooming_azalea_leaves#distance=6,persistent=false,waterlogged=true'
[03:33:06] [Worker-Main-10/WARN] (Minecraft) Exception loading blockstate definition: 'colorfulazaleas:blockstates/titanium_blooming_azalea_leaves.json' missing model for variant: 'colorfulazaleas:titanium_blooming_azalea_leaves#distance=3,persistent=true,waterlogged=false'
[03:33:06] [Worker-Main-10/WARN] (Minecraft) Exception loading blockstate definition: 'colorfulazaleas:blockstates/titanium_blooming_azalea_leaves.json' missing model for variant: 'colorfulazaleas:titanium_blooming_azalea_leaves#distance=5,persistent=true,waterlogged=false'
[03:33:06] [Worker-Main-10/WARN] (Minecraft) Exception loading blockstate definition: 'colorfulazaleas:blockstates/titanium_blooming_azalea_leaves.json' missing model for variant: 'colorfulazaleas:titanium_blooming_azalea_leaves#distance=5,persistent=false,waterlogged=true'
[03:33:06] [Worker-Main-10/WARN] (Minecraft) Exception loading blockstate definition: 'colorfulazaleas:blockstates/titanium_drooping_azalea_leaves.json' missing model for variant: 'colorfulazaleas:titanium_drooping_azalea_leaves#extended=false'
[03:33:06] [Worker-Main-10/WARN] (Minecraft) Exception loading blockstate definition: 'colorfulazaleas:blockstates/titanium_drooping_azalea_leaves.json' missing model for variant: 'colorfulazaleas:titanium_drooping_azalea_leaves#extended=true'
[03:33:06] [Worker-Main-10/WARN] (Minecraft) Exception loading blockstate definition: 'colorfulazaleas:blockstates/titanium_azalea_sapling.json' missing model for variant: 'colorfulazaleas:titanium_azalea_sapling#stage=0'
[03:33:06] [Worker-Main-10/WARN] (Minecraft) Exception loading blockstate definition: 'colorfulazaleas:blockstates/titanium_azalea_sapling.json' missing model for variant: 'colorfulazaleas:titanium_azalea_sapling#stage=1'
[03:33:06] [Worker-Main-10/WARN] (Minecraft) Exception loading blockstate definition: 'colorfulazaleas:blockstates/potted_titanium_azalea_sapling.json' missing model for variant: 'colorfulazaleas:potted_titanium_azalea_sapling#'
[03:33:06] [Worker-Main-10/WARN] (Minecraft) Unable to load model: 'colorfulazaleas:item/titanium_flowering_azalea_leaves' referenced from: colorfulazaleas:item/titanium_flowering_azalea_leaves: java.io.FileNotFoundException: colorfulazaleas:models/item/titanium_flowering_azalea_leaves.json
[03:33:06] [Worker-Main-10/WARN] (Minecraft) Unable to load model: 'colorfulazaleas:item/fiss_flowering_azalea_leaves' referenced from: colorfulazaleas:item/fiss_flowering_azalea_leaves: java.io.FileNotFoundException: colorfulazaleas:models/item/fiss_flowering_azalea_leaves.json
[03:33:06] [Worker-Main-10/WARN] (Minecraft) Unable to load model: 'colorfulazaleas:item/fiss_azalea_leaves' referenced from: colorfulazaleas:item/fiss_azalea_leaves: java.io.FileNotFoundException: colorfulazaleas:models/item/fiss_azalea_leaves.json
[03:33:06] [Worker-Main-10/WARN] (Minecraft) Unable to load model: 'colorfulazaleas:item/titanium_azalea_leaves' referenced from: colorfulazaleas:item/titanium_azalea_leaves: java.io.FileNotFoundException: colorfulazaleas:models/item/titanium_azalea_leaves.json
[03:33:06] [Worker-Main-10/WARN] (Minecraft) Unable to load model: 'colorfulazaleas:item/titanium_blooming_azalea_leaves' referenced from: colorfulazaleas:item/titanium_blooming_azalea_leaves: java.io.FileNotFoundException: colorfulazaleas:models/item/titanium_blooming_azalea_leaves.json
[03:33:06] [Worker-Main-10/WARN] (Minecraft) Unable to load model: 'colorfulazaleas:item/tecal_drooping_azalea_leaves' referenced from: colorfulazaleas:item/tecal_drooping_azalea_leaves: java.io.FileNotFoundException: colorfulazaleas:models/item/tecal_drooping_azalea_leaves.json
[03:33:06] [Worker-Main-10/WARN] (Minecraft) Unable to load model: 'colorfulazaleas:item/roze_flowering_azalea_leaves' referenced from: colorfulazaleas:item/roze_flowering_azalea_leaves: java.io.FileNotFoundException: colorfulazaleas:models/item/roze_flowering_azalea_leaves.json
[03:33:06] [Worker-Main-10/WARN] (Minecraft) Unable to load model: 'colorfulazaleas:item/walnut_drooping_azalea_leaves' referenced from: colorfulazaleas:item/walnut_drooping_azalea_leaves: java.io.FileNotFoundException: colorfulazaleas:models/item/walnut_drooping_azalea_leaves.json
[03:33:06] [Worker-Main-10/WARN] (Minecraft) Unable to load model: 'colorfulazaleas:item/titanium_azalea_sapling' referenced from: colorfulazaleas:item/titanium_azalea_sapling: java.io.FileNotFoundException: colorfulazaleas:models/item/titanium_azalea_sapling.json
[03:33:06] [Worker-Main-10/WARN] (Minecraft) Unable to load model: 'colorfulazaleas:item/azule_blooming_azalea_leaves' referenced from: colorfulazaleas:item/azule_blooming_azalea_leaves: java.io.FileNotFoundException: colorfulazaleas:models/item/azule_blooming_azalea_leaves.json
[03:33:06] [Worker-Main-10/WARN] (Minecraft) Unable to load model: 'colorfulazaleas:item/roze_blooming_azalea_leaves' referenced from: colorfulazaleas:item/roze_blooming_azalea_leaves: java.io.FileNotFoundException: colorfulazaleas:models/item/roze_blooming_azalea_leaves.json
[03:33:06] [Worker-Main-10/WARN] (Minecraft) Unable to load model: 'colorfulazaleas:item/tecal_flowering_azalea_leaves' referenced from: colorfulazaleas:item/tecal_flowering_azalea_leaves: java.io.FileNotFoundException: colorfulazaleas:models/item/tecal_flowering_azalea_leaves.json
[03:33:06] [Worker-Main-10/WARN] (Minecraft) Unable to load model: 'colorfulazaleas:item/roze_azalea_leaves' referenced from: colorfulazaleas:item/roze_azalea_leaves: java.io.FileNotFoundException: colorfulazaleas:models/item/roze_azalea_leaves.json
[03:33:06] [Worker-Main-10/WARN] (Minecraft) Unable to load model: 'colorfulazaleas:item/roze_azalea_sapling' referenced from: colorfulazaleas:item/roze_azalea_sapling: java.io.FileNotFoundException: colorfulazaleas:models/item/roze_azalea_sapling.json
[03:33:06] [Worker-Main-10/WARN] (Minecraft) Unable to load model: 'colorfulazaleas:item/bright_azalea_leaves' referenced from: colorfulazaleas:item/bright_azalea_leaves: java.io.FileNotFoundException: colorfulazaleas:models/item/bright_azalea_leaves.json
[03:33:06] [Worker-Main-10/WARN] (Minecraft) Unable to load model: 'colorfulazaleas:item/bright_flowering_azalea_leaves' referenced from: colorfulazaleas:item/bright_flowering_azalea_leaves: java.io.FileNotFoundException: colorfulazaleas:models/item/bright_flowering_azalea_leaves.json
[03:33:06] [Worker-Main-10/WARN] (Minecraft) Unable to load model: 'colorfulazaleas:item/fiss_azalea_sapling' referenced from: colorfulazaleas:item/fiss_azalea_sapling: java.io.FileNotFoundException: colorfulazaleas:models/item/fiss_azalea_sapling.json
[03:33:06] [Worker-Main-10/WARN] (Minecraft) Unable to load model: 'colorfulazaleas:item/walnut_flowering_azalea_leaves' referenced from: colorfulazaleas:item/walnut_flowering_azalea_leaves: java.io.FileNotFoundException: colorfulazaleas:models/item/walnut_flowering_azalea_leaves.json
[03:33:06] [Worker-Main-10/WARN] (Minecraft) Unable to load model: 'colorfulazaleas:item/azule_drooping_azalea_leaves' referenced from: colorfulazaleas:item/azule_drooping_azalea_leaves: java.io.FileNotFoundException: colorfulazaleas:models/item/azule_drooping_azalea_leaves.json
[03:33:06] [Worker-Main-10/WARN] (Minecraft) Unable to load model: 'colorfulazaleas:item/bright_drooping_azalea_leaves' referenced from: colorfulazaleas:item/bright_drooping_azalea_leaves: java.io.FileNotFoundException: colorfulazaleas:models/item/bright_drooping_azalea_leaves.json
[03:33:06] [Worker-Main-10/WARN] (Minecraft) Unable to load model: 'colorfulazaleas:item/tecal_azalea_leaves' referenced from: colorfulazaleas:item/tecal_azalea_leaves: java.io.FileNotFoundException: colorfulazaleas:models/item/tecal_azalea_leaves.json
[03:33:06] [Worker-Main-10/WARN] (Minecraft) Unable to load model: 'colorfulazaleas:item/walnut_azalea_leaves' referenced from: colorfulazaleas:item/walnut_azalea_leaves: java.io.FileNotFoundException: colorfulazaleas:models/item/walnut_azalea_leaves.json
[03:33:06] [Worker-Main-10/WARN] (Minecraft) Unable to load model: 'colorfulazaleas:item/walnut_azalea_sapling' referenced from: colorfulazaleas:item/walnut_azalea_sapling: java.io.FileNotFoundException: colorfulazaleas:models/item/walnut_azalea_sapling.json
[03:33:06] [Worker-Main-10/WARN] (Minecraft) Unable to load model: 'colorfulazaleas:item/walnut_blooming_azalea_leaves' referenced from: colorfulazaleas:item/walnut_blooming_azalea_leaves: java.io.FileNotFoundException: colorfulazaleas:models/item/walnut_blooming_azalea_leaves.json
[03:33:06] [Worker-Main-10/WARN] (Minecraft) Unable to load model: 'colorfulazaleas:item/bright_azalea_sapling' referenced from: colorfulazaleas:item/bright_azalea_sapling: java.io.FileNotFoundException: colorfulazaleas:models/item/bright_azalea_sapling.json
[03:33:06] [Worker-Main-10/WARN] (Minecraft) Unable to load model: 'colorfulazaleas:item/tecal_blooming_azalea_leaves' referenced from: colorfulazaleas:item/tecal_blooming_azalea_leaves: java.io.FileNotFoundException: colorfulazaleas:models/item/tecal_blooming_azalea_leaves.json
[03:33:06] [Worker-Main-10/WARN] (Minecraft) Unable to load model: 'colorfulazaleas:item/fiss_blooming_azalea_leaves' referenced from: colorfulazaleas:item/fiss_blooming_azalea_leaves: java.io.FileNotFoundException: colorfulazaleas:models/item/fiss_blooming_azalea_leaves.json
[03:33:06] [Worker-Main-10/WARN] (Minecraft) Unable to load model: 'colorfulazaleas:item/azule_flowering_azalea_leaves' referenced from: colorfulazaleas:item/azule_flowering_azalea_leaves: java.io.FileNotFoundException: colorfulazaleas:models/item/azule_flowering_azalea_leaves.json
[03:33:06] [Worker-Main-10/WARN] (Minecraft) Unable to load model: 'colorfulazaleas:item/bright_blooming_azalea_leaves' referenced from: colorfulazaleas:item/bright_blooming_azalea_leaves: java.io.FileNotFoundException: colorfulazaleas:models/item/bright_blooming_azalea_leaves.json
[03:33:06] [Worker-Main-10/WARN] (Minecraft) Unable to load model: 'colorfulazaleas:item/titanium_drooping_azalea_leaves' referenced from: colorfulazaleas:item/titanium_drooping_azalea_leaves: java.io.FileNotFoundException: colorfulazaleas:models/item/titanium_drooping_azalea_leaves.json
[03:33:06] [Worker-Main-10/WARN] (Minecraft) Unable to load model: 'colorfulazaleas:item/tecal_azalea_sapling' referenced from: colorfulazaleas:item/tecal_azalea_sapling: java.io.FileNotFoundException: colorfulazaleas:models/item/tecal_azalea_sapling.json
[03:33:06] [Worker-Main-10/WARN] (Minecraft) Unable to load model: 'colorfulazaleas:item/fiss_drooping_azalea_leaves' referenced from: colorfulazaleas:item/fiss_drooping_azalea_leaves: java.io.FileNotFoundException: colorfulazaleas:models/item/fiss_drooping_azalea_leaves.json
[03:33:06] [Worker-Main-10/WARN] (Minecraft) Unable to load model: 'colorfulazaleas:item/roze_drooping_azalea_leaves' referenced from: colorfulazaleas:item/roze_drooping_azalea_leaves: java.io.FileNotFoundException: colorfulazaleas:models/item/roze_drooping_azalea_leaves.json
[03:33:06] [Worker-Main-10/WARN] (Minecraft) Unable to load model: 'colorfulazaleas:item/azule_azalea_sapling' referenced from: colorfulazaleas:item/azule_azalea_sapling: java.io.FileNotFoundException: colorfulazaleas:models/item/azule_azalea_sapling.json
[03:33:06] [Worker-Main-10/WARN] (Minecraft) Unable to load model: 'colorfulazaleas:item/azule_azalea_leaves' referenced from: colorfulazaleas:item/azule_azalea_leaves: java.io.FileNotFoundException: colorfulazaleas:models/item/azule_azalea_leaves.json
[03:33:06] [Render thread/WARN] (Minecraft) Missing sound for event: minecraft:item.goat_horn.play
[03:33:06] [Render thread/WARN] (Minecraft) Missing sound for event: minecraft:entity.goat.screaming.horn_break
[03:33:06] [Render thread/INFO] (Minecraft) OpenAL initialized on device OpenAL Soft on 5 - ASUS VP249 (AMD High Definition Audio Device)
[03:33:06] [Render thread/INFO] (Minecraft) Sound engine started
[03:33:06] [Render thread/INFO] (Minecraft) Created: 1024x512x4 minecraft:textures/atlas/blocks.png-atlas
[03:33:06] [Render thread/INFO] (Minecraft) Created: 256x256x4 minecraft:textures/atlas/signs.png-atlas
[03:33:06] [Render thread/INFO] (Minecraft) Created: 512x512x4 minecraft:textures/atlas/shield_patterns.png-atlas
[03:33:06] [Render thread/INFO] (Minecraft) Created: 512x512x4 minecraft:textures/atlas/banner_patterns.png-atlas
[03:33:06] [Render thread/INFO] (Minecraft) Created: 1024x1024x4 minecraft:textures/atlas/armor_trims.png-atlas
[03:33:06] [Render thread/INFO] (Minecraft) Created: 256x256x4 minecraft:textures/atlas/chest.png-atlas
[03:33:06] [Render thread/INFO] (Minecraft) Created: 128x64x4 minecraft:textures/atlas/decorated_pot.png-atlas
[03:33:06] [Render thread/INFO] (Minecraft) Created: 512x256x4 minecraft:textures/atlas/shulker_boxes.png-atlas
[03:33:06] [Render thread/INFO] (Minecraft) Created: 512x256x4 minecraft:textures/atlas/beds.png-atlas
[03:33:07] [Render thread/INFO] (Minecraft) Created: 512x256x0 minecraft:textures/atlas/particles.png-atlas
[03:33:07] [Render thread/INFO] (Minecraft) Created: 512x256x0 minecraft:textures/atlas/paintings.png-atlas
[03:33:07] [Render thread/INFO] (Minecraft) Created: 256x128x0 minecraft:textures/atlas/mob_effects.png-atlas
[03:33:07] [Render thread/INFO] (Minecraft) Created: 64x64x0 minecraft:textures/atlas/map_decorations.png-atlas
[03:33:07] [Render thread/INFO] (Minecraft) Created: 1024x512x0 minecraft:textures/atlas/gui.png-atlas
[03:33:07] [Render thread/WARN] (Minecraft) Shader rendertype_entity_translucent_emissive could not find sampler named Sampler2 in the specified shader program.
[03:33:20] [Render thread/ERROR] (Minecraft) Registry loading errors:
> Errors in registry minecraft:worldgen/configured_feature:
>> Errors in element colorfulazaleas:blue:
java.lang.IllegalStateException: Failed to parse colorfulazaleas:worldgen/configured_feature/blue.json from pack colorfulazaleas
	at net.minecraft.resources.RegistryDataLoader.loadContentsFromManager(RegistryDataLoader.java:251)
	at net.minecraft.resources.RegistryDataLoader$Loader.loadFromResources(RegistryDataLoader.java:96)
	at net.minecraft.resources.RegistryDataLoader.method_56514(RegistryDataLoader.java:151)
	at net.minecraft.resources.RegistryDataLoader.method_45120(RegistryDataLoader.java:164)
	at java.base/java.lang.Iterable.forEach(Iterable.java:75)
	at net.minecraft.resources.RegistryDataLoader.load(RegistryDataLoader.java:164)
	at net.minecraft.resources.RegistryDataLoader.mixinextras$bridge$load$31(RegistryDataLoader.java)
	at net.minecraft.resources.RegistryDataLoader.wrapOperation$zgh000$fabric-registry-sync-v0$wrapIsServerCall(RegistryDataLoader.java:556)
	at net.minecraft.resources.RegistryDataLoader.mixinextras$bridge$wrapOperation$zgh000$fabric-registry-sync-v0$wrapIsServerCall$34(RegistryDataLoader.java)
	at net.minecraft.resources.RegistryDataLoader.wrapOperation$zjf000$fabric-resource-conditions-api-v1$captureRegistries(RegistryDataLoader.java:1057)
	at net.minecraft.resources.RegistryDataLoader.load(RegistryDataLoader.java:151)
	at net.minecraft.server.WorldLoader.loadLayer(WorldLoader.java:62)
	at net.minecraft.server.WorldLoader.loadAndReplaceLayer(WorldLoader.java:66)
	at net.minecraft.server.WorldLoader.load(WorldLoader.java:32)
	at net.minecraft.client.gui.screens.worldselection.CreateWorldScreen.openFresh(CreateWorldScreen.java:310)
	at net.minecraft.client.gui.screens.worldselection.WorldSelectionList.loadLevels(WorldSelectionList.java:183)
	at net.minecraft.client.gui.screens.worldselection.WorldSelectionList.<init>(WorldSelectionList.java:106)
	at net.minecraft.client.gui.screens.worldselection.SelectWorldScreen.init(SelectWorldScreen.java:51)
	at net.minecraft.client.gui.screens.Screen.init(Screen.java:309)
	at net.minecraft.client.Minecraft.setScreen(Minecraft.java:1143)
	at net.minecraft.client.gui.screens.TitleScreen.method_19861(TitleScreen.java:146)
	at net.minecraft.client.gui.components.Button.onPress(Button.java:96)
	at net.minecraft.client.gui.components.AbstractButton.onClick(AbstractButton.java:48)
	at net.minecraft.client.gui.components.AbstractWidget.mouseClicked(AbstractWidget.java:141)
	at net.minecraft.client.gui.components.events.ContainerEventHandler.mouseClicked(ContainerEventHandler.java:38)
	at net.minecraft.client.gui.screens.TitleScreen.mouseClicked(TitleScreen.java:295)
	at net.minecraft.client.MouseHandler.method_1611(MouseHandler.java:107)
	at net.minecraft.client.gui.screens.Screen.wrapScreenError(Screen.java:431)
	at net.minecraft.client.MouseHandler.onPress(MouseHandler.java:107)
	at net.minecraft.client.MouseHandler.method_22686(MouseHandler.java:196)
	at net.minecraft.util.thread.BlockableEventLoop.execute(BlockableEventLoop.java:108)
	at net.minecraft.client.MouseHandler.method_22684(MouseHandler.java:196)
	at org.lwjgl.glfw.GLFWMouseButtonCallbackI.callback(GLFWMouseButtonCallbackI.java:43)
	at org.lwjgl.system.JNI.invokeV(Native Method)
	at org.lwjgl.glfw.GLFW.glfwWaitEventsTimeout(GLFW.java:3509)
	at com.mojang.blaze3d.systems.RenderSystem.limitDisplayFPS(RenderSystem.java:184)
	at net.minecraft.client.Minecraft.runTick(Minecraft.java:1310)
	at net.minecraft.client.Minecraft.run(Minecraft.java:882)
	at net.minecraft.client.main.Main.main(Main.java:256)
	at net.fabricmc.loader.impl.game.minecraft.MinecraftGameProvider.launch(MinecraftGameProvider.java:480)
	at net.fabricmc.loader.impl.launch.knot.Knot.launch(Knot.java:74)
	at net.fabricmc.loader.impl.launch.knot.KnotClient.main(KnotClient.java:23)
	at net.fabricmc.devlaunchinjector.Main.main(Main.java:86)
Caused by: java.lang.IllegalStateException: Unknown registry key in ResourceKey[minecraft:root / minecraft:block]: colorfulazaleas:blue_drooping_azalea_leaves; Unknown registry key in ResourceKey[minecraft:root / minecraft:block]: colorfulazaleas:blue_blooming_azalea_leaves
	at com.mojang.serialization.DataResult$Error.getOrThrow(DataResult.java:287)
	at com.mojang.serialization.DataResult.getOrThrow(DataResult.java:81)
	at net.minecraft.resources.RegistryDataLoader.loadElementFromResource(RegistryDataLoader.java:231)
	at net.minecraft.resources.RegistryDataLoader.loadContentsFromManager(RegistryDataLoader.java:249)
	... 42 more
>> Errors in element colorfulazaleas:orange:
java.lang.IllegalStateException: Failed to parse colorfulazaleas:worldgen/configured_feature/orange.json from pack colorfulazaleas
	at net.minecraft.resources.RegistryDataLoader.loadContentsFromManager(RegistryDataLoader.java:251)
	at net.minecraft.resources.RegistryDataLoader$Loader.loadFromResources(RegistryDataLoader.java:96)
	at net.minecraft.resources.RegistryDataLoader.method_56514(RegistryDataLoader.java:151)
	at net.minecraft.resources.RegistryDataLoader.method_45120(RegistryDataLoader.java:164)
	at java.base/java.lang.Iterable.forEach(Iterable.java:75)
	at net.minecraft.resources.RegistryDataLoader.load(RegistryDataLoader.java:164)
	at net.minecraft.resources.RegistryDataLoader.mixinextras$bridge$load$31(RegistryDataLoader.java)
	at net.minecraft.resources.RegistryDataLoader.wrapOperation$zgh000$fabric-registry-sync-v0$wrapIsServerCall(RegistryDataLoader.java:556)
	at net.minecraft.resources.RegistryDataLoader.mixinextras$bridge$wrapOperation$zgh000$fabric-registry-sync-v0$wrapIsServerCall$34(RegistryDataLoader.java)
	at net.minecraft.resources.RegistryDataLoader.wrapOperation$zjf000$fabric-resource-conditions-api-v1$captureRegistries(RegistryDataLoader.java:1057)
	at net.minecraft.resources.RegistryDataLoader.load(RegistryDataLoader.java:151)
	at net.minecraft.server.WorldLoader.loadLayer(WorldLoader.java:62)
	at net.minecraft.server.WorldLoader.loadAndReplaceLayer(WorldLoader.java:66)
	at net.minecraft.server.WorldLoader.load(WorldLoader.java:32)
	at net.minecraft.client.gui.screens.worldselection.CreateWorldScreen.openFresh(CreateWorldScreen.java:310)
	at net.minecraft.client.gui.screens.worldselection.WorldSelectionList.loadLevels(WorldSelectionList.java:183)
	at net.minecraft.client.gui.screens.worldselection.WorldSelectionList.<init>(WorldSelectionList.java:106)
	at net.minecraft.client.gui.screens.worldselection.SelectWorldScreen.init(SelectWorldScreen.java:51)
	at net.minecraft.client.gui.screens.Screen.init(Screen.java:309)
	at net.minecraft.client.Minecraft.setScreen(Minecraft.java:1143)
	at net.minecraft.client.gui.screens.TitleScreen.method_19861(TitleScreen.java:146)
	at net.minecraft.client.gui.components.Button.onPress(Button.java:96)
	at net.minecraft.client.gui.components.AbstractButton.onClick(AbstractButton.java:48)
	at net.minecraft.client.gui.components.AbstractWidget.mouseClicked(AbstractWidget.java:141)
	at net.minecraft.client.gui.components.events.ContainerEventHandler.mouseClicked(ContainerEventHandler.java:38)
	at net.minecraft.client.gui.screens.TitleScreen.mouseClicked(TitleScreen.java:295)
	at net.minecraft.client.MouseHandler.method_1611(MouseHandler.java:107)
	at net.minecraft.client.gui.screens.Screen.wrapScreenError(Screen.java:431)
	at net.minecraft.client.MouseHandler.onPress(MouseHandler.java:107)
	at net.minecraft.client.MouseHandler.method_22686(MouseHandler.java:196)
	at net.minecraft.util.thread.BlockableEventLoop.execute(BlockableEventLoop.java:108)
	at net.minecraft.client.MouseHandler.method_22684(MouseHandler.java:196)
	at org.lwjgl.glfw.GLFWMouseButtonCallbackI.callback(GLFWMouseButtonCallbackI.java:43)
	at org.lwjgl.system.JNI.invokeV(Native Method)
	at org.lwjgl.glfw.GLFW.glfwWaitEventsTimeout(GLFW.java:3509)
	at com.mojang.blaze3d.systems.RenderSystem.limitDisplayFPS(RenderSystem.java:184)
	at net.minecraft.client.Minecraft.runTick(Minecraft.java:1310)
	at net.minecraft.client.Minecraft.run(Minecraft.java:882)
	at net.minecraft.client.main.Main.main(Main.java:256)
	at net.fabricmc.loader.impl.game.minecraft.MinecraftGameProvider.launch(MinecraftGameProvider.java:480)
	at net.fabricmc.loader.impl.launch.knot.Knot.launch(Knot.java:74)
	at net.fabricmc.loader.impl.launch.knot.KnotClient.main(KnotClient.java:23)
	at net.fabricmc.devlaunchinjector.Main.main(Main.java:86)
Caused by: java.lang.IllegalStateException: Unknown registry key in ResourceKey[minecraft:root / minecraft:block]: colorfulazaleas:orange_drooping_azalea_leaves; Unknown registry key in ResourceKey[minecraft:root / minecraft:block]: colorfulazaleas:orange_blooming_azalea_leaves
	at com.mojang.serialization.DataResult$Error.getOrThrow(DataResult.java:287)
	at com.mojang.serialization.DataResult.getOrThrow(DataResult.java:81)
	at net.minecraft.resources.RegistryDataLoader.loadElementFromResource(RegistryDataLoader.java:231)
	at net.minecraft.resources.RegistryDataLoader.loadContentsFromManager(RegistryDataLoader.java:249)
	... 42 more
>> Errors in element colorfulazaleas:pink:
java.lang.IllegalStateException: Failed to parse colorfulazaleas:worldgen/configured_feature/pink.json from pack colorfulazaleas
	at net.minecraft.resources.RegistryDataLoader.loadContentsFromManager(RegistryDataLoader.java:251)
	at net.minecraft.resources.RegistryDataLoader$Loader.loadFromResources(RegistryDataLoader.java:96)
	at net.minecraft.resources.RegistryDataLoader.method_56514(RegistryDataLoader.java:151)
	at net.minecraft.resources.RegistryDataLoader.method_45120(RegistryDataLoader.java:164)
	at java.base/java.lang.Iterable.forEach(Iterable.java:75)
	at net.minecraft.resources.RegistryDataLoader.load(RegistryDataLoader.java:164)
	at net.minecraft.resources.RegistryDataLoader.mixinextras$bridge$load$31(RegistryDataLoader.java)
	at net.minecraft.resources.RegistryDataLoader.wrapOperation$zgh000$fabric-registry-sync-v0$wrapIsServerCall(RegistryDataLoader.java:556)
	at net.minecraft.resources.RegistryDataLoader.mixinextras$bridge$wrapOperation$zgh000$fabric-registry-sync-v0$wrapIsServerCall$34(RegistryDataLoader.java)
	at net.minecraft.resources.RegistryDataLoader.wrapOperation$zjf000$fabric-resource-conditions-api-v1$captureRegistries(RegistryDataLoader.java:1057)
	at net.minecraft.resources.RegistryDataLoader.load(RegistryDataLoader.java:151)
	at net.minecraft.server.WorldLoader.loadLayer(WorldLoader.java:62)
	at net.minecraft.server.WorldLoader.loadAndReplaceLayer(WorldLoader.java:66)
	at net.minecraft.server.WorldLoader.load(WorldLoader.java:32)
	at net.minecraft.client.gui.screens.worldselection.CreateWorldScreen.openFresh(CreateWorldScreen.java:310)
	at net.minecraft.client.gui.screens.worldselection.WorldSelectionList.loadLevels(WorldSelectionList.java:183)
	at net.minecraft.client.gui.screens.worldselection.WorldSelectionList.<init>(WorldSelectionList.java:106)
	at net.minecraft.client.gui.screens.worldselection.SelectWorldScreen.init(SelectWorldScreen.java:51)
	at net.minecraft.client.gui.screens.Screen.init(Screen.java:309)
	at net.minecraft.client.Minecraft.setScreen(Minecraft.java:1143)
	at net.minecraft.client.gui.screens.TitleScreen.method_19861(TitleScreen.java:146)
	at net.minecraft.client.gui.components.Button.onPress(Button.java:96)
	at net.minecraft.client.gui.components.AbstractButton.onClick(AbstractButton.java:48)
	at net.minecraft.client.gui.components.AbstractWidget.mouseClicked(AbstractWidget.java:141)
	at net.minecraft.client.gui.components.events.ContainerEventHandler.mouseClicked(ContainerEventHandler.java:38)
	at net.minecraft.client.gui.screens.TitleScreen.mouseClicked(TitleScreen.java:295)
	at net.minecraft.client.MouseHandler.method_1611(MouseHandler.java:107)
	at net.minecraft.client.gui.screens.Screen.wrapScreenError(Screen.java:431)
	at net.minecraft.client.MouseHandler.onPress(MouseHandler.java:107)
	at net.minecraft.client.MouseHandler.method_22686(MouseHandler.java:196)
	at net.minecraft.util.thread.BlockableEventLoop.execute(BlockableEventLoop.java:108)
	at net.minecraft.client.MouseHandler.method_22684(MouseHandler.java:196)
	at org.lwjgl.glfw.GLFWMouseButtonCallbackI.callback(GLFWMouseButtonCallbackI.java:43)
	at org.lwjgl.system.JNI.invokeV(Native Method)
	at org.lwjgl.glfw.GLFW.glfwWaitEventsTimeout(GLFW.java:3509)
	at com.mojang.blaze3d.systems.RenderSystem.limitDisplayFPS(RenderSystem.java:184)
	at net.minecraft.client.Minecraft.runTick(Minecraft.java:1310)
	at net.minecraft.client.Minecraft.run(Minecraft.java:882)
	at net.minecraft.client.main.Main.main(Main.java:256)
	at net.fabricmc.loader.impl.game.minecraft.MinecraftGameProvider.launch(MinecraftGameProvider.java:480)
	at net.fabricmc.loader.impl.launch.knot.Knot.launch(Knot.java:74)
	at net.fabricmc.loader.impl.launch.knot.KnotClient.main(KnotClient.java:23)
	at net.fabricmc.devlaunchinjector.Main.main(Main.java:86)
Caused by: java.lang.IllegalStateException: Unknown registry key in ResourceKey[minecraft:root / minecraft:block]: colorfulazaleas:pink_drooping_azalea_leaves; Unknown registry key in ResourceKey[minecraft:root / minecraft:block]: colorfulazaleas:pink_blooming_azalea_leaves
	at com.mojang.serialization.DataResult$Error.getOrThrow(DataResult.java:287)
	at com.mojang.serialization.DataResult.getOrThrow(DataResult.java:81)
	at net.minecraft.resources.RegistryDataLoader.loadElementFromResource(RegistryDataLoader.java:231)
	at net.minecraft.resources.RegistryDataLoader.loadContentsFromManager(RegistryDataLoader.java:249)
	... 42 more
>> Errors in element colorfulazaleas:purple:
java.lang.IllegalStateException: Failed to parse colorfulazaleas:worldgen/configured_feature/purple.json from pack colorfulazaleas
	at net.minecraft.resources.RegistryDataLoader.loadContentsFromManager(RegistryDataLoader.java:251)
	at net.minecraft.resources.RegistryDataLoader$Loader.loadFromResources(RegistryDataLoader.java:96)
	at net.minecraft.resources.RegistryDataLoader.method_56514(RegistryDataLoader.java:151)
	at net.minecraft.resources.RegistryDataLoader.method_45120(RegistryDataLoader.java:164)
	at java.base/java.lang.Iterable.forEach(Iterable.java:75)
	at net.minecraft.resources.RegistryDataLoader.load(RegistryDataLoader.java:164)
	at net.minecraft.resources.RegistryDataLoader.mixinextras$bridge$load$31(RegistryDataLoader.java)
	at net.minecraft.resources.RegistryDataLoader.wrapOperation$zgh000$fabric-registry-sync-v0$wrapIsServerCall(RegistryDataLoader.java:556)
	at net.minecraft.resources.RegistryDataLoader.mixinextras$bridge$wrapOperation$zgh000$fabric-registry-sync-v0$wrapIsServerCall$34(RegistryDataLoader.java)
	at net.minecraft.resources.RegistryDataLoader.wrapOperation$zjf000$fabric-resource-conditions-api-v1$captureRegistries(RegistryDataLoader.java:1057)
	at net.minecraft.resources.RegistryDataLoader.load(RegistryDataLoader.java:151)
	at net.minecraft.server.WorldLoader.loadLayer(WorldLoader.java:62)
	at net.minecraft.server.WorldLoader.loadAndReplaceLayer(WorldLoader.java:66)
	at net.minecraft.server.WorldLoader.load(WorldLoader.java:32)
	at net.minecraft.client.gui.screens.worldselection.CreateWorldScreen.openFresh(CreateWorldScreen.java:310)
	at net.minecraft.client.gui.screens.worldselection.WorldSelectionList.loadLevels(WorldSelectionList.java:183)
	at net.minecraft.client.gui.screens.worldselection.WorldSelectionList.<init>(WorldSelectionList.java:106)
	at net.minecraft.client.gui.screens.worldselection.SelectWorldScreen.init(SelectWorldScreen.java:51)
	at net.minecraft.client.gui.screens.Screen.init(Screen.java:309)
	at net.minecraft.client.Minecraft.setScreen(Minecraft.java:1143)
	at net.minecraft.client.gui.screens.TitleScreen.method_19861(TitleScreen.java:146)
	at net.minecraft.client.gui.components.Button.onPress(Button.java:96)
	at net.minecraft.client.gui.components.AbstractButton.onClick(AbstractButton.java:48)
	at net.minecraft.client.gui.components.AbstractWidget.mouseClicked(AbstractWidget.java:141)
	at net.minecraft.client.gui.components.events.ContainerEventHandler.mouseClicked(ContainerEventHandler.java:38)
	at net.minecraft.client.gui.screens.TitleScreen.mouseClicked(TitleScreen.java:295)
	at net.minecraft.client.MouseHandler.method_1611(MouseHandler.java:107)
	at net.minecraft.client.gui.screens.Screen.wrapScreenError(Screen.java:431)
	at net.minecraft.client.MouseHandler.onPress(MouseHandler.java:107)
	at net.minecraft.client.MouseHandler.method_22686(MouseHandler.java:196)
	at net.minecraft.util.thread.BlockableEventLoop.execute(BlockableEventLoop.java:108)
	at net.minecraft.client.MouseHandler.method_22684(MouseHandler.java:196)
	at org.lwjgl.glfw.GLFWMouseButtonCallbackI.callback(GLFWMouseButtonCallbackI.java:43)
	at org.lwjgl.system.JNI.invokeV(Native Method)
	at org.lwjgl.glfw.GLFW.glfwWaitEventsTimeout(GLFW.java:3509)
	at com.mojang.blaze3d.systems.RenderSystem.limitDisplayFPS(RenderSystem.java:184)
	at net.minecraft.client.Minecraft.runTick(Minecraft.java:1310)
	at net.minecraft.client.Minecraft.run(Minecraft.java:882)
	at net.minecraft.client.main.Main.main(Main.java:256)
	at net.fabricmc.loader.impl.game.minecraft.MinecraftGameProvider.launch(MinecraftGameProvider.java:480)
	at net.fabricmc.loader.impl.launch.knot.Knot.launch(Knot.java:74)
	at net.fabricmc.loader.impl.launch.knot.KnotClient.main(KnotClient.java:23)
	at net.fabricmc.devlaunchinjector.Main.main(Main.java:86)
Caused by: java.lang.IllegalStateException: Unknown registry key in ResourceKey[minecraft:root / minecraft:block]: colorfulazaleas:purple_drooping_azalea_leaves; Unknown registry key in ResourceKey[minecraft:root / minecraft:block]: colorfulazaleas:purple_blooming_azalea_leaves
	at com.mojang.serialization.DataResult$Error.getOrThrow(DataResult.java:287)
	at com.mojang.serialization.DataResult.getOrThrow(DataResult.java:81)
	at net.minecraft.resources.RegistryDataLoader.loadElementFromResource(RegistryDataLoader.java:231)
	at net.minecraft.resources.RegistryDataLoader.loadContentsFromManager(RegistryDataLoader.java:249)
	... 42 more
>> Errors in element colorfulazaleas:red:
java.lang.IllegalStateException: Failed to parse colorfulazaleas:worldgen/configured_feature/red.json from pack colorfulazaleas
	at net.minecraft.resources.RegistryDataLoader.loadContentsFromManager(RegistryDataLoader.java:251)
	at net.minecraft.resources.RegistryDataLoader$Loader.loadFromResources(RegistryDataLoader.java:96)
	at net.minecraft.resources.RegistryDataLoader.method_56514(RegistryDataLoader.java:151)
	at net.minecraft.resources.RegistryDataLoader.method_45120(RegistryDataLoader.java:164)
	at java.base/java.lang.Iterable.forEach(Iterable.java:75)
	at net.minecraft.resources.RegistryDataLoader.load(RegistryDataLoader.java:164)
	at net.minecraft.resources.RegistryDataLoader.mixinextras$bridge$load$31(RegistryDataLoader.java)
	at net.minecraft.resources.RegistryDataLoader.wrapOperation$zgh000$fabric-registry-sync-v0$wrapIsServerCall(RegistryDataLoader.java:556)
	at net.minecraft.resources.RegistryDataLoader.mixinextras$bridge$wrapOperation$zgh000$fabric-registry-sync-v0$wrapIsServerCall$34(RegistryDataLoader.java)
	at net.minecraft.resources.RegistryDataLoader.wrapOperation$zjf000$fabric-resource-conditions-api-v1$captureRegistries(RegistryDataLoader.java:1057)
	at net.minecraft.resources.RegistryDataLoader.load(RegistryDataLoader.java:151)
	at net.minecraft.server.WorldLoader.loadLayer(WorldLoader.java:62)
	at net.minecraft.server.WorldLoader.loadAndReplaceLayer(WorldLoader.java:66)
	at net.minecraft.server.WorldLoader.load(WorldLoader.java:32)
	at net.minecraft.client.gui.screens.worldselection.CreateWorldScreen.openFresh(CreateWorldScreen.java:310)
	at net.minecraft.client.gui.screens.worldselection.WorldSelectionList.loadLevels(WorldSelectionList.java:183)
	at net.minecraft.client.gui.screens.worldselection.WorldSelectionList.<init>(WorldSelectionList.java:106)
	at net.minecraft.client.gui.screens.worldselection.SelectWorldScreen.init(SelectWorldScreen.java:51)
	at net.minecraft.client.gui.screens.Screen.init(Screen.java:309)
	at net.minecraft.client.Minecraft.setScreen(Minecraft.java:1143)
	at net.minecraft.client.gui.screens.TitleScreen.method_19861(TitleScreen.java:146)
	at net.minecraft.client.gui.components.Button.onPress(Button.java:96)
	at net.minecraft.client.gui.components.AbstractButton.onClick(AbstractButton.java:48)
	at net.minecraft.client.gui.components.AbstractWidget.mouseClicked(AbstractWidget.java:141)
	at net.minecraft.client.gui.components.events.ContainerEventHandler.mouseClicked(ContainerEventHandler.java:38)
	at net.minecraft.client.gui.screens.TitleScreen.mouseClicked(TitleScreen.java:295)
	at net.minecraft.client.MouseHandler.method_1611(MouseHandler.java:107)
	at net.minecraft.client.gui.screens.Screen.wrapScreenError(Screen.java:431)
	at net.minecraft.client.MouseHandler.onPress(MouseHandler.java:107)
	at net.minecraft.client.MouseHandler.method_22686(MouseHandler.java:196)
	at net.minecraft.util.thread.BlockableEventLoop.execute(BlockableEventLoop.java:108)
	at net.minecraft.client.MouseHandler.method_22684(MouseHandler.java:196)
	at org.lwjgl.glfw.GLFWMouseButtonCallbackI.callback(GLFWMouseButtonCallbackI.java:43)
	at org.lwjgl.system.JNI.invokeV(Native Method)
	at org.lwjgl.glfw.GLFW.glfwWaitEventsTimeout(GLFW.java:3509)
	at com.mojang.blaze3d.systems.RenderSystem.limitDisplayFPS(RenderSystem.java:184)
	at net.minecraft.client.Minecraft.runTick(Minecraft.java:1310)
	at net.minecraft.client.Minecraft.run(Minecraft.java:882)
	at net.minecraft.client.main.Main.main(Main.java:256)
	at net.fabricmc.loader.impl.game.minecraft.MinecraftGameProvider.launch(MinecraftGameProvider.java:480)
	at net.fabricmc.loader.impl.launch.knot.Knot.launch(Knot.java:74)
	at net.fabricmc.loader.impl.launch.knot.KnotClient.main(KnotClient.java:23)
	at net.fabricmc.devlaunchinjector.Main.main(Main.java:86)
Caused by: java.lang.IllegalStateException: Unknown registry key in ResourceKey[minecraft:root / minecraft:block]: colorfulazaleas:red_drooping_azalea_leaves; Unknown registry key in ResourceKey[minecraft:root / minecraft:block]: colorfulazaleas:red_blooming_azalea_leaves
	at com.mojang.serialization.DataResult$Error.getOrThrow(DataResult.java:287)
	at com.mojang.serialization.DataResult.getOrThrow(DataResult.java:81)
	at net.minecraft.resources.RegistryDataLoader.loadElementFromResource(RegistryDataLoader.java:231)
	at net.minecraft.resources.RegistryDataLoader.loadContentsFromManager(RegistryDataLoader.java:249)
	... 42 more
>> Errors in element colorfulazaleas:white:
java.lang.IllegalStateException: Failed to parse colorfulazaleas:worldgen/configured_feature/white.json from pack colorfulazaleas
	at net.minecraft.resources.RegistryDataLoader.loadContentsFromManager(RegistryDataLoader.java:251)
	at net.minecraft.resources.RegistryDataLoader$Loader.loadFromResources(RegistryDataLoader.java:96)
	at net.minecraft.resources.RegistryDataLoader.method_56514(RegistryDataLoader.java:151)
	at net.minecraft.resources.RegistryDataLoader.method_45120(RegistryDataLoader.java:164)
	at java.base/java.lang.Iterable.forEach(Iterable.java:75)
	at net.minecraft.resources.RegistryDataLoader.load(RegistryDataLoader.java:164)
	at net.minecraft.resources.RegistryDataLoader.mixinextras$bridge$load$31(RegistryDataLoader.java)
	at net.minecraft.resources.RegistryDataLoader.wrapOperation$zgh000$fabric-registry-sync-v0$wrapIsServerCall(RegistryDataLoader.java:556)
	at net.minecraft.resources.RegistryDataLoader.mixinextras$bridge$wrapOperation$zgh000$fabric-registry-sync-v0$wrapIsServerCall$34(RegistryDataLoader.java)
	at net.minecraft.resources.RegistryDataLoader.wrapOperation$zjf000$fabric-resource-conditions-api-v1$captureRegistries(RegistryDataLoader.java:1057)
	at net.minecraft.resources.RegistryDataLoader.load(RegistryDataLoader.java:151)
	at net.minecraft.server.WorldLoader.loadLayer(WorldLoader.java:62)
	at net.minecraft.server.WorldLoader.loadAndReplaceLayer(WorldLoader.java:66)
	at net.minecraft.server.WorldLoader.load(WorldLoader.java:32)
	at net.minecraft.client.gui.screens.worldselection.CreateWorldScreen.openFresh(CreateWorldScreen.java:310)
	at net.minecraft.client.gui.screens.worldselection.WorldSelectionList.loadLevels(WorldSelectionList.java:183)
	at net.minecraft.client.gui.screens.worldselection.WorldSelectionList.<init>(WorldSelectionList.java:106)
	at net.minecraft.client.gui.screens.worldselection.SelectWorldScreen.init(SelectWorldScreen.java:51)
	at net.minecraft.client.gui.screens.Screen.init(Screen.java:309)
	at net.minecraft.client.Minecraft.setScreen(Minecraft.java:1143)
	at net.minecraft.client.gui.screens.TitleScreen.method_19861(TitleScreen.java:146)
	at net.minecraft.client.gui.components.Button.onPress(Button.java:96)
	at net.minecraft.client.gui.components.AbstractButton.onClick(AbstractButton.java:48)
	at net.minecraft.client.gui.components.AbstractWidget.mouseClicked(AbstractWidget.java:141)
	at net.minecraft.client.gui.components.events.ContainerEventHandler.mouseClicked(ContainerEventHandler.java:38)
	at net.minecraft.client.gui.screens.TitleScreen.mouseClicked(TitleScreen.java:295)
	at net.minecraft.client.MouseHandler.method_1611(MouseHandler.java:107)
	at net.minecraft.client.gui.screens.Screen.wrapScreenError(Screen.java:431)
	at net.minecraft.client.MouseHandler.onPress(MouseHandler.java:107)
	at net.minecraft.client.MouseHandler.method_22686(MouseHandler.java:196)
	at net.minecraft.util.thread.BlockableEventLoop.execute(BlockableEventLoop.java:108)
	at net.minecraft.client.MouseHandler.method_22684(MouseHandler.java:196)
	at org.lwjgl.glfw.GLFWMouseButtonCallbackI.callback(GLFWMouseButtonCallbackI.java:43)
	at org.lwjgl.system.JNI.invokeV(Native Method)
	at org.lwjgl.glfw.GLFW.glfwWaitEventsTimeout(GLFW.java:3509)
	at com.mojang.blaze3d.systems.RenderSystem.limitDisplayFPS(RenderSystem.java:184)
	at net.minecraft.client.Minecraft.runTick(Minecraft.java:1310)
	at net.minecraft.client.Minecraft.run(Minecraft.java:882)
	at net.minecraft.client.main.Main.main(Main.java:256)
	at net.fabricmc.loader.impl.game.minecraft.MinecraftGameProvider.launch(MinecraftGameProvider.java:480)
	at net.fabricmc.loader.impl.launch.knot.Knot.launch(Knot.java:74)
	at net.fabricmc.loader.impl.launch.knot.KnotClient.main(KnotClient.java:23)
	at net.fabricmc.devlaunchinjector.Main.main(Main.java:86)
Caused by: java.lang.IllegalStateException: Unknown registry key in ResourceKey[minecraft:root / minecraft:block]: colorfulazaleas:white_drooping_azalea_leaves; Unknown registry key in ResourceKey[minecraft:root / minecraft:block]: colorfulazaleas:white_blooming_azalea_leaves
	at com.mojang.serialization.DataResult$Error.getOrThrow(DataResult.java:287)
	at com.mojang.serialization.DataResult.getOrThrow(DataResult.java:81)
	at net.minecraft.resources.RegistryDataLoader.loadElementFromResource(RegistryDataLoader.java:231)
	at net.minecraft.resources.RegistryDataLoader.loadContentsFromManager(RegistryDataLoader.java:249)
	... 42 more
>> Errors in element colorfulazaleas:yellow:
java.lang.IllegalStateException: Failed to parse colorfulazaleas:worldgen/configured_feature/yellow.json from pack colorfulazaleas
	at net.minecraft.resources.RegistryDataLoader.loadContentsFromManager(RegistryDataLoader.java:251)
	at net.minecraft.resources.RegistryDataLoader$Loader.loadFromResources(RegistryDataLoader.java:96)
	at net.minecraft.resources.RegistryDataLoader.method_56514(RegistryDataLoader.java:151)
	at net.minecraft.resources.RegistryDataLoader.method_45120(RegistryDataLoader.java:164)
	at java.base/java.lang.Iterable.forEach(Iterable.java:75)
	at net.minecraft.resources.RegistryDataLoader.load(RegistryDataLoader.java:164)
	at net.minecraft.resources.RegistryDataLoader.mixinextras$bridge$load$31(RegistryDataLoader.java)
	at net.minecraft.resources.RegistryDataLoader.wrapOperation$zgh000$fabric-registry-sync-v0$wrapIsServerCall(RegistryDataLoader.java:556)
	at net.minecraft.resources.RegistryDataLoader.mixinextras$bridge$wrapOperation$zgh000$fabric-registry-sync-v0$wrapIsServerCall$34(RegistryDataLoader.java)
	at net.minecraft.resources.RegistryDataLoader.wrapOperation$zjf000$fabric-resource-conditions-api-v1$captureRegistries(RegistryDataLoader.java:1057)
	at net.minecraft.resources.RegistryDataLoader.load(RegistryDataLoader.java:151)
	at net.minecraft.server.WorldLoader.loadLayer(WorldLoader.java:62)
	at net.minecraft.server.WorldLoader.loadAndReplaceLayer(WorldLoader.java:66)
	at net.minecraft.server.WorldLoader.load(WorldLoader.java:32)
	at net.minecraft.client.gui.screens.worldselection.CreateWorldScreen.openFresh(CreateWorldScreen.java:310)
	at net.minecraft.client.gui.screens.worldselection.WorldSelectionList.loadLevels(WorldSelectionList.java:183)
	at net.minecraft.client.gui.screens.worldselection.WorldSelectionList.<init>(WorldSelectionList.java:106)
	at net.minecraft.client.gui.screens.worldselection.SelectWorldScreen.init(SelectWorldScreen.java:51)
	at net.minecraft.client.gui.screens.Screen.init(Screen.java:309)
	at net.minecraft.client.Minecraft.setScreen(Minecraft.java:1143)
	at net.minecraft.client.gui.screens.TitleScreen.method_19861(TitleScreen.java:146)
	at net.minecraft.client.gui.components.Button.onPress(Button.java:96)
	at net.minecraft.client.gui.components.AbstractButton.onClick(AbstractButton.java:48)
	at net.minecraft.client.gui.components.AbstractWidget.mouseClicked(AbstractWidget.java:141)
	at net.minecraft.client.gui.components.events.ContainerEventHandler.mouseClicked(ContainerEventHandler.java:38)
	at net.minecraft.client.gui.screens.TitleScreen.mouseClicked(TitleScreen.java:295)
	at net.minecraft.client.MouseHandler.method_1611(MouseHandler.java:107)
	at net.minecraft.client.gui.screens.Screen.wrapScreenError(Screen.java:431)
	at net.minecraft.client.MouseHandler.onPress(MouseHandler.java:107)
	at net.minecraft.client.MouseHandler.method_22686(MouseHandler.java:196)
	at net.minecraft.util.thread.BlockableEventLoop.execute(BlockableEventLoop.java:108)
	at net.minecraft.client.MouseHandler.method_22684(MouseHandler.java:196)
	at org.lwjgl.glfw.GLFWMouseButtonCallbackI.callback(GLFWMouseButtonCallbackI.java:43)
	at org.lwjgl.system.JNI.invokeV(Native Method)
	at org.lwjgl.glfw.GLFW.glfwWaitEventsTimeout(GLFW.java:3509)
	at com.mojang.blaze3d.systems.RenderSystem.limitDisplayFPS(RenderSystem.java:184)
	at net.minecraft.client.Minecraft.runTick(Minecraft.java:1310)
	at net.minecraft.client.Minecraft.run(Minecraft.java:882)
	at net.minecraft.client.main.Main.main(Main.java:256)
	at net.fabricmc.loader.impl.game.minecraft.MinecraftGameProvider.launch(MinecraftGameProvider.java:480)
	at net.fabricmc.loader.impl.launch.knot.Knot.launch(Knot.java:74)
	at net.fabricmc.loader.impl.launch.knot.KnotClient.main(KnotClient.java:23)
	at net.fabricmc.devlaunchinjector.Main.main(Main.java:86)
Caused by: java.lang.IllegalStateException: Unknown registry key in ResourceKey[minecraft:root / minecraft:block]: colorfulazaleas:yellow_drooping_azalea_leaves; Unknown registry key in ResourceKey[minecraft:root / minecraft:block]: colorfulazaleas:yellow_blooming_azalea_leaves
	at com.mojang.serialization.DataResult$Error.getOrThrow(DataResult.java:287)
	at com.mojang.serialization.DataResult.getOrThrow(DataResult.java:81)
	at net.minecraft.resources.RegistryDataLoader.loadElementFromResource(RegistryDataLoader.java:231)
	at net.minecraft.resources.RegistryDataLoader.loadContentsFromManager(RegistryDataLoader.java:249)
	... 42 more

[03:33:20] [Render thread/ERROR] (Minecraft) Reported exception thrown!
net.minecraft.ReportedException: mouseClicked event handler
	at net.minecraft.client.gui.screens.Screen.wrapScreenError(Screen.java:436) ~[minecraft-merged-49406cb0b8-1.21.1-loom.mappings.1_21_1.layered+hash.1010942874-v2.jar:?]
	at net.minecraft.client.MouseHandler.onPress(MouseHandler.java:107) ~[minecraft-merged-49406cb0b8-1.21.1-loom.mappings.1_21_1.layered+hash.1010942874-v2.jar:?]
	at net.minecraft.client.MouseHandler.method_22686(MouseHandler.java:196) ~[minecraft-merged-49406cb0b8-1.21.1-loom.mappings.1_21_1.layered+hash.1010942874-v2.jar:?]
	at net.minecraft.util.thread.BlockableEventLoop.execute(BlockableEventLoop.java:108) ~[minecraft-merged-49406cb0b8-1.21.1-loom.mappings.1_21_1.layered+hash.1010942874-v2.jar:?]
	at net.minecraft.client.MouseHandler.method_22684(MouseHandler.java:196) ~[minecraft-merged-49406cb0b8-1.21.1-loom.mappings.1_21_1.layered+hash.1010942874-v2.jar:?]
	at org.lwjgl.glfw.GLFWMouseButtonCallbackI.callback(GLFWMouseButtonCallbackI.java:43) ~[lwjgl-glfw-3.3.3.jar:?]
	at org.lwjgl.system.JNI.invokeV(Native Method) ~[lwjgl-3.3.3.jar:?]
	at org.lwjgl.glfw.GLFW.glfwWaitEventsTimeout(GLFW.java:3509) ~[lwjgl-glfw-3.3.3.jar:?]
	at com.mojang.blaze3d.systems.RenderSystem.limitDisplayFPS(RenderSystem.java:184) ~[minecraft-merged-49406cb0b8-1.21.1-loom.mappings.1_21_1.layered+hash.1010942874-v2.jar:?]
	at net.minecraft.client.Minecraft.runTick(Minecraft.java:1310) ~[minecraft-merged-49406cb0b8-1.21.1-loom.mappings.1_21_1.layered+hash.1010942874-v2.jar:?]
	at net.minecraft.client.Minecraft.run(Minecraft.java:882) [minecraft-merged-49406cb0b8-1.21.1-loom.mappings.1_21_1.layered+hash.1010942874-v2.jar:?]
	at net.minecraft.client.main.Main.main(Main.java:256) [minecraft-merged-49406cb0b8-1.21.1-loom.mappings.1_21_1.layered+hash.1010942874-v2.jar:?]
	at net.fabricmc.loader.impl.game.minecraft.MinecraftGameProvider.launch(MinecraftGameProvider.java:480) [fabric-loader-0.16.3.jar:?]
	at net.fabricmc.loader.impl.launch.knot.Knot.launch(Knot.java:74) [fabric-loader-0.16.3.jar:?]
	at net.fabricmc.loader.impl.launch.knot.KnotClient.main(KnotClient.java:23) [fabric-loader-0.16.3.jar:?]
	at net.fabricmc.devlaunchinjector.Main.main(Main.java:86) [dev-launch-injector-0.2.1+build.8.jar:?]
Caused by: java.lang.IllegalStateException: Failed to load registries due to above errors
	at net.minecraft.resources.RegistryDataLoader.load(RegistryDataLoader.java:181) ~[minecraft-merged-49406cb0b8-1.21.1-loom.mappings.1_21_1.layered+hash.1010942874-v2.jar:?]
	at net.minecraft.resources.RegistryDataLoader.mixinextras$bridge$load$31(RegistryDataLoader.java) ~[minecraft-merged-49406cb0b8-1.21.1-loom.mappings.1_21_1.layered+hash.1010942874-v2.jar:?]
	at net.minecraft.resources.RegistryDataLoader.wrapOperation$zgh000$fabric-registry-sync-v0$wrapIsServerCall(RegistryDataLoader.java:556) ~[minecraft-merged-49406cb0b8-1.21.1-loom.mappings.1_21_1.layered+hash.1010942874-v2.jar:?]
	at net.minecraft.resources.RegistryDataLoader.mixinextras$bridge$wrapOperation$zgh000$fabric-registry-sync-v0$wrapIsServerCall$34(RegistryDataLoader.java) ~[minecraft-merged-49406cb0b8-1.21.1-loom.mappings.1_21_1.layered+hash.1010942874-v2.jar:?]
	at net.minecraft.resources.RegistryDataLoader.wrapOperation$zjf000$fabric-resource-conditions-api-v1$captureRegistries(RegistryDataLoader.java:1057) ~[minecraft-merged-49406cb0b8-1.21.1-loom.mappings.1_21_1.layered+hash.1010942874-v2.jar:?]
	at net.minecraft.resources.RegistryDataLoader.load(RegistryDataLoader.java:151) ~[minecraft-merged-49406cb0b8-1.21.1-loom.mappings.1_21_1.layered+hash.1010942874-v2.jar:?]
	at net.minecraft.server.WorldLoader.loadLayer(WorldLoader.java:62) ~[minecraft-merged-49406cb0b8-1.21.1-loom.mappings.1_21_1.layered+hash.1010942874-v2.jar:?]
	at net.minecraft.server.WorldLoader.loadAndReplaceLayer(WorldLoader.java:66) ~[minecraft-merged-49406cb0b8-1.21.1-loom.mappings.1_21_1.layered+hash.1010942874-v2.jar:?]
	at net.minecraft.server.WorldLoader.load(WorldLoader.java:32) ~[minecraft-merged-49406cb0b8-1.21.1-loom.mappings.1_21_1.layered+hash.1010942874-v2.jar:?]
	at net.minecraft.client.gui.screens.worldselection.CreateWorldScreen.openFresh(CreateWorldScreen.java:310) ~[minecraft-merged-49406cb0b8-1.21.1-loom.mappings.1_21_1.layered+hash.1010942874-v2.jar:?]
	at net.minecraft.client.gui.screens.worldselection.WorldSelectionList.loadLevels(WorldSelectionList.java:183) ~[minecraft-merged-49406cb0b8-1.21.1-loom.mappings.1_21_1.layered+hash.1010942874-v2.jar:?]
	at net.minecraft.client.gui.screens.worldselection.WorldSelectionList.<init>(WorldSelectionList.java:106) ~[minecraft-merged-49406cb0b8-1.21.1-loom.mappings.1_21_1.layered+hash.1010942874-v2.jar:?]
	at net.minecraft.client.gui.screens.worldselection.SelectWorldScreen.init(SelectWorldScreen.java:51) ~[minecraft-merged-49406cb0b8-1.21.1-loom.mappings.1_21_1.layered+hash.1010942874-v2.jar:?]
	at net.minecraft.client.gui.screens.Screen.init(Screen.java:309) ~[minecraft-merged-49406cb0b8-1.21.1-loom.mappings.1_21_1.layered+hash.1010942874-v2.jar:?]
	at net.minecraft.client.Minecraft.setScreen(Minecraft.java:1143) ~[minecraft-merged-49406cb0b8-1.21.1-loom.mappings.1_21_1.layered+hash.1010942874-v2.jar:?]
	at net.minecraft.client.gui.screens.TitleScreen.method_19861(TitleScreen.java:146) ~[minecraft-merged-49406cb0b8-1.21.1-loom.mappings.1_21_1.layered+hash.1010942874-v2.jar:?]
	at net.minecraft.client.gui.components.Button.onPress(Button.java:96) ~[minecraft-merged-49406cb0b8-1.21.1-loom.mappings.1_21_1.layered+hash.1010942874-v2.jar:?]
	at net.minecraft.client.gui.components.AbstractButton.onClick(AbstractButton.java:48) ~[minecraft-merged-49406cb0b8-1.21.1-loom.mappings.1_21_1.layered+hash.1010942874-v2.jar:?]
	at net.minecraft.client.gui.components.AbstractWidget.mouseClicked(AbstractWidget.java:141) ~[minecraft-merged-49406cb0b8-1.21.1-loom.mappings.1_21_1.layered+hash.1010942874-v2.jar:?]
	at net.minecraft.client.gui.components.events.ContainerEventHandler.mouseClicked(ContainerEventHandler.java:38) ~[minecraft-merged-49406cb0b8-1.21.1-loom.mappings.1_21_1.layered+hash.1010942874-v2.jar:?]
	at net.minecraft.client.gui.screens.TitleScreen.mouseClicked(TitleScreen.java:295) ~[minecraft-merged-49406cb0b8-1.21.1-loom.mappings.1_21_1.layered+hash.1010942874-v2.jar:?]
	at net.minecraft.client.MouseHandler.method_1611(MouseHandler.java:107) ~[minecraft-merged-49406cb0b8-1.21.1-loom.mappings.1_21_1.layered+hash.1010942874-v2.jar:?]
	at net.minecraft.client.gui.screens.Screen.wrapScreenError(Screen.java:431) ~[minecraft-merged-49406cb0b8-1.21.1-loom.mappings.1_21_1.layered+hash.1010942874-v2.jar:?]
	... 15 more
